[{"model": "exams.exam", "pk": 1, "fields": {"name": "Midterm", "topic": "Algebra", "grade_level": "10", "original_image_paths": ["/Users/admin/học/teacher-assistant-v2/new/backend/media/exams/exam_1/exam1_9d6e59b596524f65b4185184efbda6d9.jpg", "/Users/admin/học/teacher-assistant-v2/new/backend/media/exams/exam_1/exam1_251d0b0ef5e74ca49e184f487cc150ce.jpg"], "created_at": "2025-10-08T15:13:55.764Z"}}, {"model": "exams.exam", "pk": 2, "fields": {"name": "Midterm", "topic": "Algebra", "grade_level": "10", "original_image_paths": null, "created_at": "2025-10-08T18:11:49.597Z"}}, {"model": "exams.exam", "pk": 3, "fields": {"name": "Midterm", "topic": "Đại số và hình học", "grade_level": "9", "original_image_paths": ["/Users/admin/học/teacher-assistant-v2/new/backend/media/exams/exam_3/exam3_181945a493e34c429d419209b962de23.jpg"], "created_at": "2025-10-09T10:47:34.775Z"}}, {"model": "exams.exam", "pk": 4, "fields": {"name": "test #1", "topic": "đại số và hình học", "grade_level": "8", "original_image_paths": ["/Users/admin/học/teacher-assistant-v2/new/backend/media/exams/exam_4/exam4_381cf9eed7924a43953771c1a492a9bf.jpg"], "created_at": "2025-10-11T15:29:36.082Z"}}, {"model": "exams.exam", "pk": 5, "fields": {"name": "test #2", "topic": "đại số", "grade_level": "8", "original_image_paths": ["/Users/admin/học/teacher-assistant-v2/new/backend/media/exams/exam_5/exam5_90280c90007e4589bafa5981d1bb4214.jpg"], "created_at": "2025-10-11T16:09:18.348Z"}}, {"model": "exams.exam", "pk": 6, "fields": {"name": "test 3", "topic": "đại số và hình học", "grade_level": "8", "original_image_paths": ["/Users/admin/học/teacher-assistant-v2/new/backend/media/exams/exam_6/exam6_9f270e9323ee44fe8afe03ab3d5f989f.jpg"], "created_at": "2025-10-11T16:26:44.280Z"}}, {"model": "exams.exam", "pk": 7, "fields": {"name": "đề", "topic": "đại số và hình học", "grade_level": "8", "original_image_paths": ["/Users/admin/học/teacher-assistant-v2/new/backend/media/exams/exam_7/exam7_0a6c7da1843a40cd8247b66a1fbf8941.jpg"], "created_at": "2025-10-12T10:27:14.444Z"}}, {"model": "exams.exam", "pk": 8, "fields": {"name": "đề 15.10", "topic": "đại số và hình học", "grade_level": "9", "original_image_paths": ["/Users/admin/học/teacher-assistant-v2/new/backend/media/exams/exam_8/exam8_16004e79d41c49c99ab5ec2e8af2fd85_p001.jpg", "/Users/admin/học/teacher-assistant-v2/new/backend/media/exams/exam_8/exam8_16004e79d41c49c99ab5ec2e8af2fd85_p002.jpg", "/Users/admin/học/teacher-assistant-v2/new/backend/media/exams/exam_8/exam8_16004e79d41c49c99ab5ec2e8af2fd85_p003.jpg"], "created_at": "2025-10-14T17:28:56.567Z"}}, {"model": "exams.question", "pk": 1, "fields": {"exam": 1, "question_image_paths": ["/Users/admin/học/teacher-assistant-v2/new/backend/media/questions/exam_1/q_1a_exam1_9d6e59b596524f65b4185184efbda6d9.jpg"], "has_multiple_images": false, "order_index": 1, "part_label": "a", "solution_answer": "Không có thông tin để giải", "solution_steps": [], "solution_points": [], "solution_verified": false, "solution_generated_at": "2025-10-12T04:08:37.541Z"}}, {"model": "exams.question", "pk": 2, "fields": {"exam": 3, "question_image_paths": ["/Users/admin/học/teacher-assistant-v2/new/backend/media/questions/exam_3/q_1a_exam3_181945a493e34c429d419209b962de23.jpg"], "has_multiple_images": false, "order_index": 1, "part_label": "a", "solution_answer": "Khoảng cách từ tâm O đến dây MN là 6 cm.", "solution_steps": [{"step_number": 1, "description": "Xác định bán kính và chiều dài dây MN.", "content": "Bán kính r = 10 cm và độ dài dây MN = 16 cm.", "points": 0.5}, {"step_number": 2, "description": "Tính khoảng cách từ tâm O đến dây MN.", "content": "Sử dụng công thức từ tam giác vuông: h^2 + (MN/2)^2 = r^2, trong đó h là khoảng cách từ O đến dây MN. Ta có: h^2 + (8)^2 = (10)^2. Suy ra h^2 + 64 = 100.", "points": 0.5}, {"step_number": 3, "description": "Giải phương trình để tìm h.", "content": "h^2 = 100 - 64, h^2 = 36, h = 6 cm.", "points": 0.5}], "solution_points": [0.5, 0.5, 0.5], "solution_verified": true, "solution_generated_at": "2025-10-09T11:03:36.940Z"}}, {"model": "exams.question", "pk": 3, "fields": {"exam": 3, "question_image_paths": ["/Users/admin/học/teacher-assistant-v2/new/backend/media/questions/exam_3/q_2_exam3_181945a493e34c429d419209b962de23.jpg"], "has_multiple_images": false, "order_index": 2, "part_label": "", "solution_answer": null, "solution_steps": null, "solution_points": null, "solution_verified": false, "solution_generated_at": null}}, {"model": "exams.question", "pk": 4, "fields": {"exam": 6, "question_image_paths": ["/Users/admin/học/teacher-assistant-v2/new/backend/media/questions/exam_6/q_1_exam6_9f270e9323ee44fe8afe03ab3d5f989f.jpg"], "has_multiple_images": false, "order_index": 1, "part_label": "", "solution_answer": "ME + MF + MH + MG = \\frac{1}{2}(AB + BC + CD + DA)", "solution_steps": [{"step_number": 1, "description": "Xác định các điểm trung điểm của các cạnh.", "content": "Điểm E, F, G, H lần lượt là trung điểm của các cạnh AB, BC, CD, DA.", "points": 0.5}, {"step_number": 2, "description": "Sử dụng định nghĩa trung điểm.", "content": "ME = \\frac{1}{2}AB, MF = \\frac{1}{2}BC, MG = \\frac{1}{2}CD, MH = \\frac{1}{2}DA.", "points": 0.5}, {"step_number": 3, "description": "Cộng tổng các khoảng cách từ M đến các trung điểm.", "content": "ME + MF + MH + MG = \\frac{1}{2}AB + \\frac{1}{2}BC + \\frac{1}{2}CD + \\frac{1}{2}DA.", "points": 0.5}, {"step_number": 4, "description": "Rút gọn biểu thức.", "content": "ME + MF + MH + MG = \\frac{1}{2}(AB + BC + CD + DA).", "points": 0.5}], "solution_points": [0.5, 0.5, 0.5, 0.5], "solution_verified": true, "solution_generated_at": "2025-10-12T04:16:11.258Z"}}, {"model": "exams.question", "pk": 5, "fields": {"exam": 6, "question_image_paths": ["/Users/admin/học/teacher-assistant-v2/new/backend/media/questions/exam_6/q_2_exam6_9f270e9323ee44fe8afe03ab3d5f989f.jpg"], "has_multiple_images": false, "order_index": 2, "part_label": "", "solution_answer": "DG = 13 cm; UL vuông góc với VL.", "solution_steps": [{"step_number": 1, "description": "Tính chiều dài DG.", "content": "Sử dụng định lý Pythagore: DG = \\sqrt{DE^2 + DF^2} = \\sqrt{5^2 + 12^2} = \\sqrt{25 + 144} = \\sqrt{169} = 13 \\text{ cm}.", "points": 0.5}, {"step_number": 2, "description": "Kẻ đường cao DL và xác định các điểm U, V.", "content": "U là trung điểm của DE, V là trung điểm của DF. Lúc này, UL = UĐ và VĐ là đường cao từ D.", "points": 0.5}, {"step_number": 3, "description": "Chứng minh UL vuông góc với VL.", "content": "Bởi vì DE và DF là hai cạnh vuông góc, nên UL và VL cũng sẽ vuông góc với nhau theo tính chất của tam giác vuông.", "points": 0.5}], "solution_points": [0.5, 0.5, 0.5], "solution_verified": false, "solution_generated_at": "2025-10-12T04:16:29.337Z"}}, {"model": "exams.question", "pk": 6, "fields": {"exam": 6, "question_image_paths": ["/Users/admin/học/teacher-assistant-v2/new/backend/media/questions/exam_6/q_3_exam6_9f270e9323ee44fe8afe03ab3d5f989f.jpg"], "has_multiple_images": false, "order_index": 3, "part_label": "", "solution_answer": "a) (2x - 5)(x - 1), b) (5m - 4)(m + 2), c) (y - 7)(y - 2), d) (4x^2 - 1)(x^2 + 1)", "solution_steps": [{"step_number": 1, "description": "Phân tích đa thức 2x^2 - 7x + 5", "content": "Sử dụng công thức phân tích để tìm các hệ số. Tìm 2 số có tổng là -7 và tích là 10. Các số là -5 và -2. Vậy hình thức cuối cùng là (2x - 5)(x - 1).", "points": 0.5}, {"step_number": 2, "description": "Phân tích đa thức 5m^2 + 3m - 8", "content": "Tìm 2 số có tổng là 3 và tích là -40. Các số là 8 và -5. Vậy hình thức cuối cùng là (5m - 4)(m + 2).", "points": 0.5}, {"step_number": 3, "description": "Phân tích đa thức y^2 - 9y + 14", "content": "Tìm 2 số có tổng là -9 và tích là 14. Các số là -7 và -2. Vậy hình thức cuối cùng là (y - 7)(y - 2).", "points": 0.5}, {"step_number": 4, "description": "Phân tích đa thức 4x^4 - 5x^2 + 1", "content": "Dùng phương pháp thay thế t = x^2, ta được 4t^2 - 5t + 1. Tìm 2 số có tổng là -5 và tích là 4. Các số là -4 và -1. Vậy hình thức cuối cùng là (4x^2 - 1)(x^2 + 1).", "points": 0.5}], "solution_points": [0.5, 0.5, 0.5, 0.5], "solution_verified": false, "solution_generated_at": "2025-10-12T04:16:42.436Z"}}, {"model": "exams.question", "pk": 15, "fields": {"exam": 7, "question_image_paths": ["/Users/admin/học/teacher-assistant-v2/new/backend/media/questions/exam_7/q_1_exam7_0a6c7da1843a40cd8247b66a1fbf8941.jpg"], "has_multiple_images": false, "order_index": 1, "part_label": "", "solution_answer": "Chứng minh được $ME + MF + MH + MG = \\frac{1}{2}(AB + BC + CD + DA)$", "solution_steps": [{"step_number": 1, "description": "Xác định trung điểm của các cạnh", "content": "Gọi $M$ là giao điểm của hai đường chéo $AC$ và $BD$. Do đó, các điểm $E, F, G, H$ lần lượt là trung điểm của các cạnh $AB, BC, CD, DA$. ", "points": 0.5}, {"step_number": 2, "description": "Áp dụng định lý về trung điểm", "content": "Theo định lý về trung điểm, ta có: $$ME + MF + MH + MG = \\frac{1}{2}(AB + BC + CD + DA)$$.", "points": 1.0}, {"step_number": 3, "description": "Giải thích và kết luận", "content": "Như vậy, tổng chiều dài các đoạn thẳng từ $M$ đến các trung điểm của các cạnh là một nửa tổng chiều dài các cạnh của tứ giác $ABCD$.", "points": 0.5}], "solution_points": [0.5, 1.0, 0.5], "solution_verified": false, "solution_generated_at": "2025-10-14T09:47:01.126Z"}}, {"model": "exams.question", "pk": 16, "fields": {"exam": 7, "question_image_paths": ["/Users/admin/học/teacher-assistant-v2/new/backend/media/questions/exam_7/q_2a_exam7_0a6c7da1843a40cd8247b66a1fbf8941.jpg"], "has_multiple_images": false, "order_index": 2, "part_label": "a", "solution_answer": "$DG=6.5\\,\\text{cm}$", "solution_steps": [{"step_number": 1, "description": "Xác định độ dài EF (cạnh huyền)", "content": "Vì tam giác DEF vuông tại D nên $EF$ là cạnh huyền. Áp dụng định lí Pythagore: $EF=\\sqrt{DE^2+DF^2}=\\sqrt{5^2+12^2}=\\sqrt{25+144}=\\sqrt{169}=13$.", "points": 0.4}, {"step_number": 2, "description": "Sử dụng tính chất của trung điểm cạnh huyền trong tam giác vuông", "content": "Trong tam giác vuông, trung điểm của cạnh huyền là tâm đường tròn ngoại tiếp, do đó khoảng cách từ đỉnh vuông đến trung điểm cạnh huyền bằng nửa độ dài cạnh huyền, tức $DG=\\frac{1}{2}EF$.", "points": 0.4}, {"step_number": 3, "description": "Tính DG theo kết quả trên", "content": "Thay $EF=13$ vào biểu thức: $DG=\\frac{1}{2}\\times 13=6.5$. Vậy $DG=6.5$ (cm).", "points": 0.2}], "solution_points": [0.4, 0.4, 0.2], "solution_verified": false, "solution_generated_at": "2025-10-14T08:08:58.611Z"}}, {"model": "exams.question", "pk": 17, "fields": {"exam": 7, "question_image_paths": ["/Users/admin/học/teacher-assistant-v2/new/backend/media/questions/exam_7/q_3a_exam7_0a6c7da1843a40cd8247b66a1fbf8941.jpg"], "has_multiple_images": false, "order_index": 3, "part_label": "a", "solution_answer": "$2x^2-7x+5=(2x-5)(x-1)$", "solution_steps": [{"step_number": 1, "description": "Xác định hệ số và tích ac", "content": "Với đa thức $2x^2-7x+5$ ta có $a=2,\\;b=-7,\\;c=5$. Do đó $ac=2\\cdot5=10$. Ta cần hai số $m,n$ sao cho $m+n=b=-7$ và $mn=ac=10$.", "points": 0.3}, {"step_number": 2, "description": "Tìm hai số và phân tích bằng phương pháp nhóm", "content": "Tìm được $m=-5,\\;n=-2$ vì $-5+(-2)=-7$ và $(-5)(-2)=10$. Do đó\n$$2x^2-7x+5=2x^2-5x-2x+5=(2x^2-5x)+(-2x+5).$$\nNhóm các hạng tử: $=x(2x-5)-1(2x-5)=(2x-5)(x-1)$.", "points": 0.6}, {"step_number": 3, "description": "Kiểm tra kết quả", "content": "Mở ngoặc kiểm tra: $(2x-5)(x-1)=2x^2-2x-5x+5=2x^2-7x+5$, đúng với đa thức ban đầu.", "points": 0.1}], "solution_points": [0.3, 0.6, 0.1], "solution_verified": false, "solution_generated_at": "2025-10-14T08:08:14.199Z"}}, {"model": "exams.question", "pk": 19, "fields": {"exam": 8, "question_image_paths": ["/Users/admin/học/teacher-assistant-v2/new/backend/media/questions/exam_8/q_1a_exam8_16004e79d41c49c99ab5ec2e8af2fd85_p002.jpg", "/Users/admin/học/teacher-assistant-v2/new/backend/media/questions/exam_8/q_1a_3ab03ac0.jpg"], "has_multiple_images": true, "order_index": 1, "part_label": "a", "solution_answer": "Biểu thức đã rút gọn là -8xy + 10x^2y.", "solution_steps": [{"step_number": 1, "description": "Phân phối và rút gọn các biểu thức", "content": "Bắt đầu từ biểu thức 2x(5xy - 4) - 10x^2y. Ta phân phối 2x vào trong ngoặc: 2x * 5xy - 2x * 4 = 10xy + (-8x).", "points": 0.5}, {"step_number": 2, "description": "Kết hợp các hạng tử", "content": "Sau đó, kết hợp với hạng tử -10x^2y có sẵn trong biểu thức: 10xy - 8xy - 10x^2y = -8xy + 10x^2y.", "points": 1.0}], "solution_points": [0.5, 1.0], "solution_verified": false, "solution_generated_at": "2025-10-14T17:32:40.430Z"}}, {"model": "exams.question", "pk": 20, "fields": {"exam": 8, "question_image_paths": ["/Users/admin/học/teacher-assistant-v2/new/backend/media/questions/exam_8/q_1b_exam8_16004e79d41c49c99ab5ec2e8af2fd85_p002.jpg", "/Users/admin/học/teacher-assistant-v2/new/backend/media/questions/exam_8/q_1b_292d2bc3.jpg"], "has_multiple_images": true, "order_index": 1, "part_label": "b", "solution_answer": "Biểu thức đã rút gọn là -5x^3y + 2xy^2 + 4.", "solution_steps": [{"step_number": 1, "description": "Mở các dấu ngoặc và giảm bậc", "content": "Đầu tiên ta mở dấu ngoặc: (x^3y - 3xy^2 + 5) - (6x^3y - 3xy^2 + 1) = x^3y - 3xy^2 + 5 - 6x^3y + 3xy^2 - 1.", "points": 0.5}, {"step_number": 2, "description": "Gộp các hạng tử đồng dạng", "content": "Gộp lại ta có: (1 - 6)x^3y + (-3 + 3)xy^2 + (5 - 1) = -5x^3y + 0 + 4.", "points": 1.0}], "solution_points": [0.5, 1.0], "solution_verified": false, "solution_generated_at": "2025-10-14T17:32:42.011Z"}}, {"model": "exams.question", "pk": 21, "fields": {"exam": 8, "question_image_paths": ["/Users/admin/học/teacher-assistant-v2/new/backend/media/questions/exam_8/q_1c_exam8_16004e79d41c49c99ab5ec2e8af2fd85_p002.jpg", "/Users/admin/học/teacher-assistant-v2/new/backend/media/questions/exam_8/q_1c_a2136f5b.jpg"], "has_multiple_images": true, "order_index": 1, "part_label": "c", "solution_answer": "Bài toán đã được rút gọn thành (5xy^2 - 2x^3): (x - 3y + 6)", "solution_steps": [{"step_number": 1, "description": "Rút gọn biểu thức đầu tiên.", "content": "Biểu thức là (25x^3y^2 - 10x^3): 5x^2 - 3xy^2 + 6x. Đầu tiên, ta chia các hạng tử của tử cho mẫu: 25x^3y^2 / 5x^2 = 5xy^2 và -10x^3 / 5x^2 = -2x. Vậy rút gọn thành 5xy^2 - 2x.", "points": 0.5}, {"step_number": 2, "description": "Kết hợp với các phần còn lại.", "content": "Ta tiếp tục rút gọn với phần mẫu 5x^2 - 3xy^2 + 6x để hoàn thiện. Biểu thức rút gọn cuối cùng là (5xy^2 - 2x): (x - 3y + 6).", "points": 1.0}], "solution_points": [0.5, 1.0], "solution_verified": false, "solution_generated_at": "2025-10-14T17:32:45.792Z"}}, {"model": "exams.question", "pk": 22, "fields": {"exam": 8, "question_image_paths": ["/Users/admin/học/teacher-assistant-v2/new/backend/media/questions/exam_8/q_2a_exam8_16004e79d41c49c99ab5ec2e8af2fd85_p002.jpg", "/Users/admin/học/teacher-assistant-v2/new/backend/media/questions/exam_8/q_2a_9e98bfb7.jpg"], "has_multiple_images": true, "order_index": 2, "part_label": "a", "solution_answer": "x = 2", "solution_steps": [{"step_number": 1, "description": "Mở rộng phương trình", "content": "Mở rộng phương trình 8(x - 5) - 13x = 0 thành 8x - 40 - 13x = 0", "points": 0.5}, {"step_number": 2, "description": "Giải phương trình", "content": "Kết hợp các số hạng x lại, ta có -5x - 40 = 0 => -5x = 40 => x = 2", "points": 1.0}], "solution_points": [0.5, 1.0], "solution_verified": false, "solution_generated_at": "2025-10-14T17:32:44.094Z"}}, {"model": "exams.question", "pk": 23, "fields": {"exam": 8, "question_image_paths": ["/Users/admin/học/teacher-assistant-v2/new/backend/media/questions/exam_8/q_2b_exam8_16004e79d41c49c99ab5ec2e8af2fd85_p002.jpg", "/Users/admin/học/teacher-assistant-v2/new/backend/media/questions/exam_8/q_2b_a629d900.jpg"], "has_multiple_images": true, "order_index": 2, "part_label": "b", "solution_answer": "x = 9 hoặc x = -1", "solution_steps": [{"step_number": 1, "description": "Mở rộng phương trình bên trái", "content": "Bắt đầu với phương trình (x - 3)^2 - x(x - 5) = 20. Mở rộng (x - 3)^2 = x^2 - 6x + 9 và x(x - 5) = x^2 - 5x. Thay vào phương trình: x^2 - 6x + 9 - (x^2 - 5x) = 20.", "points": 0.75}, {"step_number": 2, "description": "Giải phương trình", "content": "Giản lược: -6x + 9 + 5x = 20, dẫn đến -x + 9 = 20. Giải cho x: -x = 20 - 9, x = -11. Đưa về dạng chuẩn: x^2 - x - 11 = 0. Sử dụng công thức nghiệm: x = (-b ± √(b² - 4ac)) / 2a với a = 1, b = -1, c = -11.", "points": 0.75}, {"step_number": 3, "description": "Tính giá trị nghiệm", "content": "Tính delta: Δ = (-1)² - 4 * 1 * (-11) = 1 + 44 = 45. Vậy x = (1 ± √45) / 2. Giải ra x = 9 hoặc x = -1.", "points": 0.0}], "solution_points": [0.75, 0.75, 0.0], "solution_verified": false, "solution_generated_at": "2025-10-14T17:33:12.150Z"}}, {"model": "exams.question", "pk": 24, "fields": {"exam": 8, "question_image_paths": ["/Users/admin/học/teacher-assistant-v2/new/backend/media/questions/exam_8/q_2c_exam8_16004e79d41c49c99ab5ec2e8af2fd85_p002.jpg", "/Users/admin/học/teacher-assistant-v2/new/backend/media/questions/exam_8/q_2c_b2aa5995.jpg"], "has_multiple_images": true, "order_index": 2, "part_label": "c", "solution_answer": "x = -2", "solution_steps": [{"step_number": 1, "description": "Đưa phương trình về dạng chuẩn", "content": "Phương trình ban đầu là (x - 4)(x - 2) - (x + 1)^2 = -32 - 14x. Ta cộng cả 2 vế với 32 + 14x để đưa về dạng bằng 0.", "points": 0.5}, {"step_number": 2, "description": "Rút gọn và phân tích phương trình", "content": "Tính (x - 4)(x - 2) và (x + 1)^2: Ta có (x - 4)(x - 2) = x^2 - 6x + 8 và (x + 1)^2 = x^2 + 2x + 1. Sau đó thay vào phương trình. Cuối cùng, rút gọn để tìm x.", "points": 1.0}], "solution_points": [0.5, 1.0], "solution_verified": false, "solution_generated_at": "2025-10-14T17:32:56.404Z"}}, {"model": "exams.question", "pk": 25, "fields": {"exam": 8, "question_image_paths": ["/Users/admin/học/teacher-assistant-v2/new/backend/media/questions/exam_8/q_3a_exam8_16004e79d41c49c99ab5ec2e8af2fd85_p002.jpg", "/Users/admin/học/teacher-assistant-v2/new/backend/media/questions/exam_8/q_3a_f299a994.jpg", "/Users/admin/học/teacher-assistant-v2/new/backend/media/questions/exam_8/q_3a_ea0b561b.jpg"], "has_multiple_images": true, "order_index": 3, "part_label": "a", "solution_answer": "Diện tích phần lát gạch được biểu thị bằng công thức 40y.", "solution_steps": [{"step_number": 1, "description": "Xác định diện tích tổng thể", "content": "Diện tích tổng thể của mảnh đất là chiều dài nhân với chiều rộng: Diện tích = 8x * 5y = 40xy.", "points": 0.5}, {"step_number": 2, "description": "Xác định diện tích phần trồng hoa", "content": "Diện tích phần trồng hoa là 5y, do đó diện tích phần lát gạch là: Diện tích lát gạch = Diện tích tổng thể - diện tích trồng hoa = 40xy - 5y.", "points": 0.5}, {"step_number": 3, "description": "Rút gọn diện tích phần lát gạch", "content": "Diện tích phần lát gạch được rút gọn thành: Diện tích lát gạch = 40y khi đặt x = 1.", "points": 0.0}], "solution_points": [0.5, 0.5, 0.0], "solution_verified": false, "solution_generated_at": "2025-10-14T17:33:01.295Z"}}, {"model": "exams.question", "pk": 26, "fields": {"exam": 8, "question_image_paths": ["/Users/admin/học/teacher-assistant-v2/new/backend/media/questions/exam_8/q_3b_exam8_16004e79d41c49c99ab5ec2e8af2fd85_p002.jpg", "/Users/admin/học/teacher-assistant-v2/new/backend/media/questions/exam_8/q_3b_3ab427b7.jpg", "/Users/admin/học/teacher-assistant-v2/new/backend/media/questions/exam_8/q_3b_b021e159.jpg"], "has_multiple_images": true, "order_index": 3, "part_label": "b", "solution_answer": "Diện tích phần lát gạch là 56 m^2.", "solution_steps": [{"step_number": 1, "description": "Xác định chiều dài và chiều rộng", "content": "Chiều dài là 8x m và chiều rộng là 5y m. Với x = 7 m và y = 4 m, ta có: Chiều dài = 8 * 7 = 56 m, Chiều rộng = 5 * 4 = 20 m.", "points": 0.5}, {"step_number": 2, "description": "Tính diện tích phần lát gạch", "content": "Diện tích phần lát gạch = Chiều dài * Chiều rộng = 56 * 5 = 280 m^2.", "points": 0.5}, {"step_number": 3, "description": "Tính diện tích phần không lát gạch", "content": "Diện tích phần không lát gạch = Chiều dài * Chiều rộng - Diện tích phần lát gạch = (8x * 5y) - 280 = (56 * 20) - 280 = 1120 - 280 = 840 m^2.", "points": 0.5}, {"step_number": 4, "description": "Kết luận diện tích phần lát gạch", "content": "Diện tích phần lát gạch là 56 x 4 = 224 m^2.", "points": 0.5}], "solution_points": [0.5, 0.5, 0.5, 0.5], "solution_verified": false, "solution_generated_at": "2025-10-14T17:33:02.018Z"}}, {"model": "exams.question", "pk": 27, "fields": {"exam": 8, "question_image_paths": ["/Users/admin/học/teacher-assistant-v2/new/backend/media/questions/exam_8/q_4a_exam8_16004e79d41c49c99ab5ec2e8af2fd85_p002.jpg"], "has_multiple_images": false, "order_index": 4, "part_label": "a", "solution_answer": "Từ hình bình hành ABCD, ta chứng minh được các yêu cầu đã cho.", "solution_steps": [{"step_number": 1, "description": "Chứng minh tứ giác AMCN là hình bình hành.", "content": "Gọi M và N lần lượt là trung điểm của AD và BC. Do đó, AM = MC và AN = NC. Hai cặp cạnh đối diện bằng nhau và song song. Vậy tứ giác AMCN là hình bình hành.", "points": 1.0}, {"step_number": 2, "description": "Chứng minh AN = MC và góc NAC = góc MCA.", "content": "Ta có AN = NC (do N là trung điểm) và MC = AM (do M là trung điểm). Vì vậy, AN = MC và góc NAC bằng góc MCA (góc đối diện trong hình bình hành).", "points": 1.0}, {"step_number": 3, "description": "Chứng minh các đường thẳng AC, BD và MN đồng quy.", "content": "Vì M và N là trung điểm của AD và BC, nên đường thẳng MN là chiều cao và sẽ cắt AC, BD tại điểm mà các đường thẳng này đồng quy.", "points": 0.5}], "solution_points": [1.0, 1.0, 0.5], "solution_verified": false, "solution_generated_at": "2025-10-14T17:33:51.882Z"}}, {"model": "exams.question", "pk": 28, "fields": {"exam": 8, "question_image_paths": ["/Users/admin/học/teacher-assistant-v2/new/backend/media/questions/exam_8/q_5_exam8_16004e79d41c49c99ab5ec2e8af2fd85_p002.jpg"], "has_multiple_images": false, "order_index": 5, "part_label": "", "solution_answer": "Giá trị lớn nhất của A là 2024.", "solution_steps": [{"step_number": 1, "description": "Viết lại biểu thức A", "content": "A = -2x^2 - 5y^2 + 2xy + 6x + 6y + 2024.", "points": 0.5}, {"step_number": 2, "description": "Tìm giá trị lớn nhất của A", "content": "Biểu thức A là một hàm bậc hai với các hệ số âm nên có giá trị lớn nhất tại điềm cực trị. Dùng đạo hàm riêng: từng phần A theo x và y để tìm điểm cực trị.", "points": 1.0}, {"step_number": 3, "description": "Giải hệ phương trình đạo hàm", "content": "Đạo hàm riêng theo x: dA/dx = -4x + 2y + 6 = 0; Đạo hàm riêng theo y: dA/dy = -10y + 2x + 6 = 0. Giải hệ phương trình để tìm x và y.", "points": 1.0}, {"step_number": 4, "description": "Tìm giá trị A tại điểm cực trị", "content": "Thay giá trị x và y vào biểu thức A để tìm giá trị lớn nhất. Kết quả là A = 2024.", "points": 1.0}], "solution_points": [0.5, 1.0, 1.0, 1.0], "solution_verified": false, "solution_generated_at": "2025-10-14T17:33:53.385Z"}}, {"model": "exams.question", "pk": 29, "fields": {"exam": 8, "question_image_paths": ["/Users/admin/học/teacher-assistant-v2/new/backend/media/questions/exam_8/q_11_exam8_16004e79d41c49c99ab5ec2e8af2fd85_p001.jpg"], "has_multiple_images": false, "order_index": 11, "part_label": "", "solution_answer": "B", "solution_steps": [{"step_number": 1, "description": "Phân tích các lựa chọn.", "content": "Xem xét từng lựa chọn: A không đúng vì hai cạnh song song không đủ để xác định hình bình hành; B đúng vì hai cạnh bằng nhau là một thuộc tính của hình bình hành; C không đúng vì hai góc bằng nhau không đủ để xác định hình bình hành; D không đúng vì các cạnh song song nhưng không đủ để xác định hình bình hành.", "points": 1.0}, {"step_number": 2, "description": "Kết luận.", "content": "Chọn phương án B dựa trên lý do đã phân tích.", "points": 1.0}], "solution_points": [1.0, 1.0], "solution_verified": false, "solution_generated_at": "2025-10-15T07:21:51.835Z"}}, {"model": "submissions.submission", "pk": 1, "fields": {"exam": 1, "student_name": "Alice", "original_image_paths": ["/Users/admin/học/teacher-assistant-v2/new/backend/media/submissions/submission_1/sub1_70649c4748df4f538b77d4ea8aad0b01.jpg", "/Users/admin/học/teacher-assistant-v2/new/backend/media/submissions/submission_1/sub1_9d4e0f5b712d4b5689d2191f24c78c58.jpg"], "created_at": "2025-10-08T15:19:44.311Z"}}, {"model": "submissions.submission", "pk": 2, "fields": {"exam": 3, "student_name": "james", "original_image_paths": ["/Users/admin/học/teacher-assistant-v2/new/backend/media/submissions/submission_2/sub2_ae2b5f27d429476db2938906a1fe1f9a.png"], "created_at": "2025-10-09T11:08:13.017Z"}}, {"model": "submissions.submission", "pk": 3, "fields": {"exam": 3, "student_name": "jamesss", "original_image_paths": ["/Users/admin/học/teacher-assistant-v2/new/backend/media/submissions/submission_3/sub3_f2499c45c84e429898e013b6ad4b3d15.png", "/Users/admin/học/teacher-assistant-v2/new/backend/media/submissions/submission_3/sub3_2712bdbd6e354448aecc842362e67971.png"], "created_at": "2025-10-09T12:09:45.837Z"}}, {"model": "submissions.submission", "pk": 4, "fields": {"exam": 2, "student_name": "jamesss", "original_image_paths": ["/Users/admin/học/teacher-assistant-v2/new/backend/media/submissions/submission_4/sub4_a723920ccfdf439baf82aaf0a39f02af.png"], "created_at": "2025-10-09T12:11:26.306Z"}}, {"model": "submissions.submission", "pk": 5, "fields": {"exam": 2, "student_name": "james", "original_image_paths": ["/Users/admin/học/teacher-assistant-v2/new/backend/media/submissions/submission_5/sub5_b42ecf2619904c16abc57c8bb881efbe.jpg"], "created_at": "2025-10-11T15:31:27.910Z"}}, {"model": "submissions.submission", "pk": 6, "fields": {"exam": 6, "student_name": "học sinh", "original_image_paths": ["/Users/admin/học/teacher-assistant-v2/new/backend/media/submissions/submission_6/sub6_cbdf0d459d704197b3f2c8787a14866e.png", "/Users/admin/học/teacher-assistant-v2/new/backend/media/submissions/submission_6/sub6_b174c49db96341d289e39aa656293714.png"], "created_at": "2025-10-12T04:20:01.446Z"}}, {"model": "submissions.submission", "pk": 7, "fields": {"exam": 6, "student_name": "học sinh 2", "original_image_paths": ["/Users/admin/học/teacher-assistant-v2/new/backend/media/submissions/submission_7/sub7_8806dc5be9074047b2e8f41303c8f0d2.png", "/Users/admin/học/teacher-assistant-v2/new/backend/media/submissions/submission_7/sub7_24243ba788734f549766a060e6bda3a4.png"], "created_at": "2025-10-12T09:12:42.375Z"}}, {"model": "submissions.submission", "pk": 8, "fields": {"exam": 6, "student_name": "đại", "original_image_paths": ["/Users/admin/học/teacher-assistant-v2/new/backend/media/submissions/submission_8/sub8_e8042661373d44bc9d67907a44c87a81.png"], "created_at": "2025-10-12T09:40:53.596Z"}}, {"model": "submissions.submission", "pk": 9, "fields": {"exam": 7, "student_name": "học sinh", "original_image_paths": ["/Users/admin/học/teacher-assistant-v2/new/backend/media/submissions/submission_9/sub9_3b0320c8a66a46589113384f94bfefe7.png"], "created_at": "2025-10-12T10:33:14.099Z"}}, {"model": "submissions.submission", "pk": 10, "fields": {"exam": 7, "student_name": "học sinh test câu nhỏ", "original_image_paths": ["/Users/admin/học/teacher-assistant-v2/new/backend/media/submissions/submission_10/sub10_08389ad974664ee5b28082f3159e9a95.png"], "created_at": "2025-10-12T15:35:04.308Z"}}, {"model": "submissions.submission", "pk": 11, "fields": {"exam": 7, "student_name": "học sinh", "original_image_paths": null, "created_at": "2025-10-13T10:31:23.716Z"}}, {"model": "submissions.submission", "pk": 12, "fields": {"exam": 7, "student_name": "học sinh", "original_image_paths": null, "created_at": "2025-10-13T10:31:28.105Z"}}, {"model": "submissions.submission", "pk": 13, "fields": {"exam": 7, "student_name": "học sinh", "original_image_paths": null, "created_at": "2025-10-13T10:31:32.412Z"}}, {"model": "submissions.submission", "pk": 14, "fields": {"exam": 7, "student_name": "học sinh", "original_image_paths": ["/Users/admin/học/teacher-assistant-v2/new/backend/media/submissions/submission_14/sub14_b2e339c2e63c4108a081a53c5894625a_p001.jpg", "/Users/admin/học/teacher-assistant-v2/new/backend/media/submissions/submission_14/sub14_b2e339c2e63c4108a081a53c5894625a_p002.jpg"], "created_at": "2025-10-13T10:48:02.217Z"}}, {"model": "submissions.submission", "pk": 15, "fields": {"exam": 7, "student_name": "học sinhhh", "original_image_paths": ["/Users/admin/học/teacher-assistant-v2/new/backend/media/submissions/submission_15/sub15_c64ee89acaa34a04b5bf520012381652_p001.jpg", "/Users/admin/học/teacher-assistant-v2/new/backend/media/submissions/submission_15/sub15_c64ee89acaa34a04b5bf520012381652_p002.jpg", "/Users/admin/học/teacher-assistant-v2/new/backend/media/submissions/submission_15/sub15_c64ee89acaa34a04b5bf520012381652_p003.jpg"], "created_at": "2025-10-14T07:40:08.459Z"}}, {"model": "submissions.submission", "pk": 16, "fields": {"exam": 7, "student_name": "học sinh khác", "original_image_paths": ["/Users/admin/học/teacher-assistant-v2/new/backend/media/submissions/submission_16/sub16_05294deb5f8c4048919830cb5640d943_p001.jpg", "/Users/admin/học/teacher-assistant-v2/new/backend/media/submissions/submission_16/sub16_05294deb5f8c4048919830cb5640d943_p002.jpg", "/Users/admin/học/teacher-assistant-v2/new/backend/media/submissions/submission_16/sub16_05294deb5f8c4048919830cb5640d943_p003.jpg"], "created_at": "2025-10-14T08:37:18.897Z"}}, {"model": "submissions.submission", "pk": 17, "fields": {"exam": 6, "student_name": "jjj", "original_image_paths": ["/Users/admin/học/teacher-assistant-v2/new/backend/media/submissions/submission_17/sub17_3bd7ce09d8c249b0ab604759a300e3e0_p001.jpg", "/Users/admin/học/teacher-assistant-v2/new/backend/media/submissions/submission_17/sub17_3bd7ce09d8c249b0ab604759a300e3e0_p002.jpg"], "created_at": "2025-10-14T16:08:17.352Z"}}, {"model": "submissions.submission", "pk": 18, "fields": {"exam": 8, "student_name": "Ngọc Anh", "original_image_paths": ["/Users/admin/học/teacher-assistant-v2/new/backend/media/submissions/submission_18/sub18_d646e19e392746fd8dbb0e13a8b8ec05.jpg", "/Users/admin/học/teacher-assistant-v2/new/backend/media/submissions/submission_18/sub18_449fb2f9e4ab4fcd9d0a0c99a706b699.jpg", "/Users/admin/học/teacher-assistant-v2/new/backend/media/submissions/submission_18/sub18_6af41ce662db4288881eb0318cad9986.jpg"], "created_at": "2025-10-14T17:35:36.957Z"}}, {"model": "submissions.submissionitem", "pk": 1, "fields": {"submission": 1, "question": 1, "source_page_indices": [0], "answer_image_paths": ["/Users/admin/học/teacher-assistant-v2/new/backend/media/answers/submission_1/ans_q1a_sub1_70649c4748df4f538b77d4ea8aad0b01.jpg"], "has_multiple_images": false, "answer_bbox": {"left": 5, "top": 5, "width": 60, "height": 60}, "original_image_dimensions": {"width": 60, "height": 60}, "annotations": [{"type": "textbox", "left": 10, "top": 10, "text": "Test annotation", "fill": "#ff0000", "fontSize": 16}]}}, {"model": "submissions.submissionitem", "pk": 2, "fields": {"submission": 1, "question": 1, "source_page_indices": [0], "answer_image_paths": ["/Users/admin/học/teacher-assistant-v2/new/backend/media/answers/submission_1/ans_q1a_sub1_70649c4748df4f538b77d4ea8aad0b01.jpg"], "has_multiple_images": false, "answer_bbox": {"left": 100, "top": 100, "width": 200, "height": 150}, "original_image_dimensions": {"width": 100, "height": 100}, "annotations": []}}, {"model": "submissions.submissionitem", "pk": 3, "fields": {"submission": 2, "question": 1, "source_page_indices": [0], "answer_image_paths": ["/Users/admin/học/teacher-assistant-v2/new/backend/media/answers/submission_2/ans_q1a_sub2_ae2b5f27d429476db2938906a1fe1f9a.jpg"], "has_multiple_images": false, "answer_bbox": {"left": 100, "top": 100, "width": 200, "height": 150}, "original_image_dimensions": {"width": 1126, "height": 708}, "annotations": null}}, {"model": "submissions.submissionitem", "pk": 4, "fields": {"submission": 1, "question": 1, "source_page_indices": [1], "answer_image_paths": ["/Users/admin/học/teacher-assistant-v2/new/backend/media/answers/submission_1/ans_q1a_sub1_9d4e0f5b712d4b5689d2191f24c78c58.jpg"], "has_multiple_images": false, "answer_bbox": {"left": 50, "top": 50, "width": 150, "height": 100}, "original_image_dimensions": {"width": 100, "height": 100}, "annotations": null}}, {"model": "submissions.submissionitem", "pk": 5, "fields": {"submission": 2, "question": 2, "source_page_indices": [0], "answer_image_paths": ["/Users/admin/học/teacher-assistant-v2/new/backend/media/answers/submission_2/ans_q1a_sub2_ae2b5f27d429476db2938906a1fe1f9a.jpg"], "has_multiple_images": false, "answer_bbox": {"left": 18, "top": 8, "width": 1096, "height": 689}, "original_image_dimensions": {"width": 1126, "height": 708}, "annotations": null}}, {"model": "submissions.submissionitem", "pk": 6, "fields": {"submission": 2, "question": 3, "source_page_indices": [0], "answer_image_paths": ["/Users/admin/học/teacher-assistant-v2/new/backend/media/answers/submission_2/ans_q2_sub2_ae2b5f27d429476db2938906a1fe1f9a.jpg"], "has_multiple_images": false, "answer_bbox": {"left": 19, "top": 1, "width": 1101, "height": 699}, "original_image_dimensions": {"width": 1126, "height": 708}, "annotations": [{"fontSize": 18, "fontWeight": "normal", "fontFamily": "Times New Roman", "fontStyle": "normal", "lineHeight": 1.16, "text": "⚠️ Ghi chú", "charSpacing": 0, "textAlign": "left", "styles": [], "pathStartOffset": 0, "pathSide": "left", "pathAlign": "baseline", "underline": false, "overline": false, "linethrough": false, "textBackgroundColor": "", "direction": "ltr", "textDecorationThickness": 66.667, "minWidth": 20, "splitByGrapheme": false, "type": "Textbox", "version": "6.7.1", "originX": "left", "originY": "top", "left": 40, "top": 40, "width": 27, "height": 67.5288, "fill": "#ff0000", "stroke": null, "strokeWidth": 1, "strokeDashArray": null, "strokeLineCap": "butt", "strokeDashOffset": 0, "strokeLineJoin": "miter", "strokeUniform": false, "strokeMiterLimit": 4, "scaleX": 1, "scaleY": 1, "angle": 0, "flipX": false, "flipY": false, "opacity": 1, "shadow": null, "visible": true, "backgroundColor": "#fff", "fillRule": "nonzero", "paintFirst": "fill", "globalCompositeOperation": "source-over", "skewX": 0, "skewY": 0}, {"radius": 30, "startAngle": 0, "endAngle": 360, "counterClockwise": false, "type": "Circle", "version": "6.7.1", "originX": "left", "originY": "top", "left": 100, "top": 100, "width": 60, "height": 60, "fill": "rgba(0,0,0,0)", "stroke": "#ff0000", "strokeWidth": 2, "strokeDashArray": null, "strokeLineCap": "butt", "strokeDashOffset": 0, "strokeLineJoin": "miter", "strokeUniform": false, "strokeMiterLimit": 4, "scaleX": 1, "scaleY": 1, "angle": 0, "flipX": false, "flipY": false, "opacity": 1, "shadow": null, "visible": true, "backgroundColor": "", "fillRule": "nonzero", "paintFirst": "fill", "globalCompositeOperation": "source-over", "skewX": 0, "skewY": 0}]}}, {"model": "submissions.submissionitem", "pk": 7, "fields": {"submission": 3, "question": 2, "source_page_indices": [1], "answer_image_paths": ["/Users/admin/học/teacher-assistant-v2/new/backend/media/answers/submission_3/ans_q1a_sub3_2712bdbd6e354448aecc842362e67971.jpg"], "has_multiple_images": false, "answer_bbox": {"left": 14, "top": 3, "width": 1108, "height": 703}, "original_image_dimensions": {"width": 1126, "height": 708}, "annotations": null}}, {"model": "submissions.submissionitem", "pk": 8, "fields": {"submission": 6, "question": 4, "source_page_indices": [0], "answer_image_paths": ["/Users/admin/học/teacher-assistant-v2/new/backend/media/answers/submission_6/ans_q1_sub6_cbdf0d459d704197b3f2c8787a14866e.jpg"], "has_multiple_images": false, "answer_bbox": {"x": 0.1, "y": 0.1, "w": 0.5, "h": 0.3, "normalized": true}, "original_image_dimensions": {"width": 820, "height": 1116}, "annotations": null}}, {"model": "submissions.submissionitem", "pk": 9, "fields": {"submission": 6, "question": 4, "source_page_indices": [0], "answer_image_paths": ["/Users/admin/học/teacher-assistant-v2/new/backend/media/answers/submission_6/ans_q1_sub6_cbdf0d459d704197b3f2c8787a14866e.jpg"], "has_multiple_images": false, "answer_bbox": {"x": 0.1, "y": 0.1, "w": 0.3, "h": 0.3, "normalized": true}, "original_image_dimensions": {"width": 820, "height": 1116}, "annotations": null}}, {"model": "submissions.submissionitem", "pk": 10, "fields": {"submission": 6, "question": 4, "source_page_indices": [0], "answer_image_paths": ["/Users/admin/học/teacher-assistant-v2/new/backend/media/answers/submission_6/ans_q1_sub6_cbdf0d459d704197b3f2c8787a14866e.jpg"], "has_multiple_images": false, "answer_bbox": {"x": 0.003658536585365854, "y": 0.053763440860215055, "w": 0.9926829268292683, "h": 0.46953405017921146, "normalized": true}, "original_image_dimensions": {"width": 820, "height": 1116}, "annotations": null}}, {"model": "submissions.submissionitem", "pk": 11, "fields": {"submission": 6, "question": 5, "source_page_indices": [0], "answer_image_paths": ["/Users/admin/học/teacher-assistant-v2/new/backend/media/answers/submission_6/ans_q2_sub6_cbdf0d459d704197b3f2c8787a14866e.jpg"], "has_multiple_images": false, "answer_bbox": {"x": 0.003658536585365854, "y": 0.5663082437275986, "w": 0.9890243902439024, "h": 0.43100358422939067, "normalized": true}, "original_image_dimensions": {"width": 820, "height": 1116}, "annotations": null}}, {"model": "submissions.submissionitem", "pk": 12, "fields": {"submission": 6, "question": 4, "source_page_indices": [0], "answer_image_paths": ["/Users/admin/học/teacher-assistant-v2/new/backend/media/answers/submission_6/ans_q1_sub6_cbdf0d459d704197b3f2c8787a14866e.jpg"], "has_multiple_images": false, "answer_bbox": {"x": 0.003658536585365854, "y": 0.05913978494623656, "w": 0.9951219512195122, "h": 0.4767025089605735, "normalized": true}, "original_image_dimensions": {"width": 820, "height": 1116}, "annotations": null}}, {"model": "submissions.submissionitem", "pk": 13, "fields": {"submission": 7, "question": 5, "source_page_indices": [1], "answer_image_paths": ["/Users/admin/học/teacher-assistant-v2/new/backend/media/answers/submission_7/ans_q2_sub7_24243ba788734f549766a060e6bda3a4.jpg"], "has_multiple_images": false, "answer_bbox": {"x": 0.13183279742765272, "y": 0.22637362637362637, "w": 0.864951768488746, "h": 0.7285714285714285, "normalized": true}, "original_image_dimensions": {"width": 622, "height": 910}, "annotations": null}}, {"model": "submissions.submissionitem", "pk": 14, "fields": {"submission": 7, "question": 5, "source_page_indices": [1], "answer_image_paths": ["/Users/admin/học/teacher-assistant-v2/new/backend/media/answers/submission_7/ans_q2_sub7_24243ba788734f549766a060e6bda3a4.jpg"], "has_multiple_images": false, "answer_bbox": {"x": 0.05466237942122187, "y": 0.2230769230769231, "w": 0.9405144694533762, "h": 0.7318681318681318, "normalized": true}, "original_image_dimensions": {"width": 622, "height": 910}, "annotations": null}}, {"model": "submissions.submissionitem", "pk": 15, "fields": {"submission": 8, "question": 6, "source_page_indices": [0], "answer_image_paths": ["/Users/admin/học/teacher-assistant-v2/new/backend/media/answers/submission_8/ans_q3_sub8_e8042661373d44bc9d67907a44c87a81.jpg"], "has_multiple_images": false, "answer_bbox": {"x": 0.026030368763557483, "y": 0.012711864406779662, "w": 0.972885032537961, "h": 0.9735169491525424, "normalized": true}, "original_image_dimensions": {"width": 922, "height": 944}, "annotations": [{"type": "textbox", "x": 0.014285714285714285, "y": 0.01374223602484472, "w": 0.08247767857142857, "h": 0.053667279503105576, "text": "❌ Incorrect", "fontSize": 16, "fill": "#dc3545"}, {"type": "textbox", "x": 0.5157142857142857, "y": 0.10713296301959525, "w": 0.1028125, "h": 0.053667279503105576, "text": "❌ (x-1)(2x-5)", "fontSize": 16, "fill": "#dc3545"}, {"type": "textbox", "x": 0.33285714285714285, "y": 0.11814472210398716, "w": 0.07166294642857143, "h": 0.11130991304347825, "text": "❌ (x^2 - 1)(4x^2 - 1)", "fontSize": 16, "fill": "#dc3545"}, {"type": "textbox", "x": 0.6257142857142857, "y": 0.02748447204968944, "w": 0.2857142857142857, "h": 0.03726894409937887, "text": "✗ Q3", "fontSize": 24, "fill": "#ff0000"}]}}, {"model": "submissions.submissionitem", "pk": 16, "fields": {"submission": 8, "question": 6, "source_page_indices": [0], "answer_image_paths": ["/Users/admin/học/teacher-assistant-v2/new/backend/media/answers/submission_8/ans_q3_sub8_e8042661373d44bc9d67907a44c87a81.jpg"], "has_multiple_images": false, "answer_bbox": {"x": 0.026030368763557483, "y": 0.022245762711864406, "w": 0.9598698481561823, "h": 0.9745762711864406, "normalized": true}, "original_image_dimensions": {"width": 922, "height": 944}, "annotations": null}}, {"model": "submissions.submissionitem", "pk": 48, "fields": {"submission": 15, "question": 15, "source_page_indices": [0], "answer_image_paths": ["/Users/admin/học/teacher-assistant-v2/new/backend/media/answers/submission_15/ans_q1_sub15_c64ee89acaa34a04b5bf520012381652_p001.jpg"], "has_multiple_images": false, "answer_bbox": {"x": 0.03206291591046582, "y": 0.08422402736212056, "w": 0.9643073200241984, "h": 0.42069260367678496, "normalized": true}, "original_image_dimensions": {"width": 1653, "height": 2339}, "annotations": [{"type": "textbox", "x": 0.02, "y": 0.02, "w": 0.6, "h": 0.044432055749128924, "text": "✓ đúng", "fontSize": 16, "fill": "#28a745", "fontFamily": "Helvetica, Arial, sans-serif", "lineHeight": 1.2, "textAlign": "left", "page": 0}]}}, {"model": "submissions.submissionitem", "pk": 49, "fields": {"submission": 15, "question": 16, "source_page_indices": [0], "answer_image_paths": ["/Users/admin/học/teacher-assistant-v2/new/backend/media/answers/submission_15/ans_q2a_sub15_c64ee89acaa34a04b5bf520012381652_p001.jpg"], "has_multiple_images": false, "answer_bbox": {"x": 0.015124016938898971, "y": 0.5532278751603249, "w": 0.9764065335753176, "h": 0.2526720820863617, "normalized": true}, "original_image_dimensions": {"width": 1653, "height": 2339}, "annotations": [{"type": "textbox", "x": 0.02, "y": 0.02, "w": 0.6, "h": 0.07490645395213923, "text": "✓ đúng", "fontSize": 16, "fill": "#28a745", "fontFamily": "Helvetica, Arial, sans-serif", "lineHeight": 1.2, "textAlign": "left", "page": 0}]}}, {"model": "submissions.submissionitem", "pk": 50, "fields": {"submission": 15, "question": 17, "source_page_indices": [1], "answer_image_paths": ["/Users/admin/học/teacher-assistant-v2/new/backend/media/answers/submission_15/ans_q3a_sub15_c64ee89acaa34a04b5bf520012381652_p002.jpg"], "has_multiple_images": false, "answer_bbox": {"x": 0.04658197217180883, "y": 0.748182984181274, "w": 0.4295220810647308, "h": 0.22231722958529285, "normalized": true}, "original_image_dimensions": {"width": 1653, "height": 2339}, "annotations": [{"type": "textbox", "x": 0.02, "y": 0.02, "w": 0.6, "h": 0.03745054945054945, "text": "✓ đúng", "fontSize": 16, "fill": "#28a745", "fontFamily": "Helvetica, Arial, sans-serif", "lineHeight": 1.2, "textAlign": "left", "page": 0}]}}, {"model": "submissions.submissionitem", "pk": 71, "fields": {"submission": 16, "question": 16, "source_page_indices": [1], "answer_image_paths": ["/Users/admin/học/teacher-assistant-v2/new/backend/media/answers/submission_16/ans_q2a_sub16_05294deb5f8c4048919830cb5640d943_p002.jpg"], "has_multiple_images": false, "answer_bbox": {"x": 0.147175815433572, "y": 0.2718181818181818, "w": 0.8528241845664281, "h": 0.4022727272727273, "normalized": true}, "original_image_dimensions": {"width": 1257, "height": 2200}, "annotations": [{"type": "textbox", "x": 0.29714285714285715, "y": 0.0562829786697768, "w": 0.6, "h": 0.03128613397901533, "page": 0, "text": "✓ đúng", "fontSize": 16, "fill": "#28a745", "fontFamily": "Helvetica, Arial, sans-serif", "lineHeight": 1.2, "textAlign": "left", "lines": ["✓ đúng"]}]}}, {"model": "submissions.submissionitem", "pk": 72, "fields": {"submission": 16, "question": 17, "source_page_indices": [0], "answer_image_paths": ["/Users/admin/học/teacher-assistant-v2/new/backend/media/answers/submission_16/ans_q3a_sub16_05294deb5f8c4048919830cb5640d943_p001.jpg"], "has_multiple_images": false, "answer_bbox": {"x": 0.1411764705882353, "y": 0.029307731177362305, "w": 0.8547058823529412, "h": 0.2693279434057605, "normalized": true}, "original_image_dimensions": {"width": 1700, "height": 1979}, "annotations": [{"type": "textbox", "x": 0.3628571428571429, "y": 0.020000000000000004, "w": 0.07428571428571429, "h": 0.07041072098633074, "page": 0, "text": "✗ sai", "fontSize": 16, "fill": "#dc3545", "fontFamily": "Helvetica, Arial, sans-serif", "lineHeight": 1.2, "textAlign": "left", "lines": ["✗ sai"]}, {"type": "textbox", "x": 0.15285714285714286, "y": 0.8558457211347894, "w": 0.6, "h": 0.07041072098633074, "page": 0, "text": "✗ Không giải đúng bài toán được yêu cầu", "fontSize": 16, "fill": "#dc3545", "fontFamily": "Helvetica, Arial, sans-serif", "lineHeight": 1.2, "textAlign": "left", "lines": ["✗ Không giải đúng bài toán được yêu cầu"]}]}}, {"model": "submissions.submissionitem", "pk": 73, "fields": {"submission": 17, "question": 4, "source_page_indices": [0], "answer_image_paths": ["/Users/admin/học/teacher-assistant-v2/new/backend/media/answers/submission_17/ans_q1_sub17_3bd7ce09d8c249b0ab604759a300e3e0_p001.jpg"], "has_multiple_images": false, "answer_bbox": {"x": 0.07622504537205081, "y": 0.01838392475416845, "w": 0.6110102843315185, "h": 0.24583155194527576, "normalized": true}, "original_image_dimensions": {"width": 1653, "height": 2339}, "annotations": null}}, {"model": "submissions.submissionitem", "pk": 74, "fields": {"submission": 14, "question": 15, "source_page_indices": [0], "answer_image_paths": ["/Users/admin/học/teacher-assistant-v2/new/backend/media/answers/submission_14/ans_q1_sub14_b2e339c2e63c4108a081a53c5894625a_p001.jpg"], "has_multiple_images": false, "answer_bbox": {"x": 0.07864488808227466, "y": 0.04873877725523728, "w": 0.8112522686025408, "h": 0.5284309533988885, "normalized": true}, "original_image_dimensions": {"width": 1653, "height": 2339}, "annotations": null}}, {"model": "submissions.submissionitem", "pk": 75, "fields": {"submission": 14, "question": 16, "source_page_indices": [0], "answer_image_paths": ["/Users/admin/học/teacher-assistant-v2/new/backend/media/answers/submission_14/ans_q2a_sub14_b2e339c2e63c4108a081a53c5894625a_p001.jpg"], "has_multiple_images": false, "answer_bbox": {"x": 0.07380520266182698, "y": 0.5848653270628473, "w": 0.8209316394434362, "h": 0.3638306968790081, "normalized": true}, "original_image_dimensions": {"width": 1653, "height": 2339}, "annotations": null}}, {"model": "submissions.submissionitem", "pk": 76, "fields": {"submission": 16, "question": 15, "source_page_indices": [0, 1], "answer_image_paths": ["/Users/admin/học/teacher-assistant-v2/new/backend/media/answers/submission_16/ans_q1_sub16_05294deb5f8c4048919830cb5640d943_p001.jpg", "/Users/admin/học/teacher-assistant-v2/new/backend/media/answers/submission_16/ans_q1_ca5a4710.jpg"], "has_multiple_images": true, "answer_bbox": {"x": 0.07823529411764706, "y": 0.023749368367862556, "w": 0.9176470588235294, "h": 0.7473471450227388, "normalized": true}, "original_image_dimensions": {"width": 1700, "height": 1979}, "annotations": [{"type": "textbox", "x": 0.02, "y": 0.02, "w": 0.6, "h": 0.028930744711677774, "text": "✓ đúng", "fontSize": 16, "fill": "#28a745", "fontFamily": "Helvetica, Arial, sans-serif", "lineHeight": 1.2, "textAlign": "left", "page": 0}, {"type": "textbox", "x": 0.02, "y": 0.05797160243407708, "w": 0.6, "h": 0.028930744711677774, "text": "! Ghi chú sai: AB ⊥ CD tại M", "fontSize": 16, "fill": "#ff9800", "fontFamily": "Helvetica, Arial, sans-serif", "lineHeight": 1.2, "textAlign": "left", "page": 0}, {"type": "textbox", "x": 0.02, "y": 0.09594320486815415, "w": 0.6, "h": 0.028930744711677774, "text": "! Viết nhầm 'AH' thành 'AD' ở dòng 19", "fontSize": 16, "fill": "#ff9800", "fontFamily": "Helvetica, Arial, sans-serif", "lineHeight": 1.2, "textAlign": "left", "page": 0}]}}, {"model": "submissions.submissionitem", "pk": 77, "fields": {"submission": 18, "question": 19, "source_page_indices": [2], "answer_image_paths": ["/Users/admin/học/teacher-assistant-v2/new/backend/media/answers/submission_18/ans_q1a_sub18_6af41ce662db4288881eb0318cad9986.jpg"], "has_multiple_images": false, "answer_bbox": {"x": 0.16875, "y": 0.27421875, "w": 0.3302083333333333, "h": 0.09296875, "normalized": true}, "original_image_dimensions": {"width": 960, "height": 1280}, "annotations": [{"type": "textbox", "x": 0.02, "y": 0.02, "w": 0.6, "h": 0.07306602641056423, "text": "✗ sai", "fontSize": 16, "fill": "#dc3545", "fontFamily": "Helvetica, Arial, sans-serif", "lineHeight": 1.2, "textAlign": "left", "page": 0}, {"type": "textbox", "x": 0.02, "y": 0.11589915966386555, "w": 0.6, "h": 0.07306602641056423, "text": "✗ Giải sai đề bài", "fontSize": 16, "fill": "#dc3545", "fontFamily": "Helvetica, Arial, sans-serif", "lineHeight": 1.2, "textAlign": "left", "page": 0}]}}, {"model": "submissions.submissionitem", "pk": 78, "fields": {"submission": 18, "question": 20, "source_page_indices": [2], "answer_image_paths": ["/Users/admin/học/teacher-assistant-v2/new/backend/media/answers/submission_18/ans_q1b_sub18_6af41ce662db4288881eb0318cad9986.jpg"], "has_multiple_images": false, "answer_bbox": {"x": 0.5052083333333334, "y": 0.303125, "w": 0.4270833333333333, "h": 0.08046875, "normalized": true}, "original_image_dimensions": {"width": 960, "height": 1280}, "annotations": [{"type": "textbox", "x": 0.02, "y": 0.02, "w": 0.6, "h": 0.10918169209431346, "text": "✗ sai", "fontSize": 16, "fill": "#dc3545", "fontFamily": "Helvetica, Arial, sans-serif", "lineHeight": 1.2, "textAlign": "left", "page": 0}, {"type": "textbox", "x": 0.02, "y": 0.1633009708737864, "w": 0.6, "h": 0.10918169209431346, "text": "✗ Giải sai đề bài", "fontSize": 16, "fill": "#dc3545", "fontFamily": "Helvetica, Arial, sans-serif", "lineHeight": 1.2, "textAlign": "left", "page": 0}]}}, {"model": "submissions.submissionitem", "pk": 80, "fields": {"submission": 18, "question": 22, "source_page_indices": [0], "answer_image_paths": ["/Users/admin/học/teacher-assistant-v2/new/backend/media/answers/submission_18/ans_q2a_sub18_d646e19e392746fd8dbb0e13a8b8ec05.jpg"], "has_multiple_images": false, "answer_bbox": {"x": 0.20416666666666666, "y": 0.090625, "w": 0.30520833333333336, "h": 0.153125, "normalized": true}, "original_image_dimensions": {"width": 960, "height": 1280}, "annotations": [{"type": "textbox", "x": 0.02, "y": 0.02, "w": 0.6, "h": 0.04100291545189504, "text": "✓ đúng", "fontSize": 16, "fill": "#28a745", "fontFamily": "Helvetica, Arial, sans-serif", "lineHeight": 1.2, "textAlign": "left", "page": 0}]}}, {"model": "submissions.submissionitem", "pk": 81, "fields": {"submission": 18, "question": 23, "source_page_indices": [0], "answer_image_paths": ["/Users/admin/học/teacher-assistant-v2/new/backend/media/answers/submission_18/ans_q2b_sub18_d646e19e392746fd8dbb0e13a8b8ec05.jpg"], "has_multiple_images": false, "answer_bbox": {"x": 0.5166666666666667, "y": 0.07109375, "w": 0.375, "h": 0.1703125, "normalized": true}, "original_image_dimensions": {"width": 960, "height": 1280}, "annotations": [{"type": "textbox", "x": 0.02, "y": 0.02, "w": 0.6, "h": 0.045294888597640894, "text": "✓ đúng", "fontSize": 16, "fill": "#28a745", "fontFamily": "Helvetica, Arial, sans-serif", "lineHeight": 1.2, "textAlign": "left", "page": 0}]}}, {"model": "submissions.submissionitem", "pk": 82, "fields": {"submission": 18, "question": 24, "source_page_indices": [0], "answer_image_paths": ["/Users/admin/học/teacher-assistant-v2/new/backend/media/answers/submission_18/ans_q2c_sub18_d646e19e392746fd8dbb0e13a8b8ec05.jpg"], "has_multiple_images": false, "answer_bbox": {"x": 0.20208333333333334, "y": 0.23203125, "w": 0.646875, "h": 0.21875, "normalized": true}, "original_image_dimensions": {"width": 960, "height": 1280}, "annotations": [{"type": "textbox", "x": 0.02, "y": 0.02, "w": 0.6, "h": 0.0608326530612245, "text": "✗ sai", "fontSize": 16, "fill": "#dc3545", "fontFamily": "Helvetica, Arial, sans-serif", "lineHeight": 1.2, "textAlign": "left", "page": 0}, {"type": "textbox", "x": 0.02, "y": 0.09984285714285715, "w": 0.6, "h": 0.0608326530612245, "text": "✗ Tính sai hằng số: (8 − 1 + 32) = −25 (thay vì 39)", "fontSize": 16, "fill": "#dc3545", "fontFamily": "Helvetica, Arial, sans-serif", "lineHeight": 1.2, "textAlign": "left", "page": 0}, {"type": "textbox", "x": 0.02, "y": 0.1796857142857143, "w": 0.6, "h": 0.0608326530612245, "text": "! Chép nhầm đề bài ở dòng 1: '−32x' thay vì '−32'", "fontSize": 16, "fill": "#ff9800", "fontFamily": "Helvetica, Arial, sans-serif", "lineHeight": 1.2, "textAlign": "left", "page": 0}]}}, {"model": "submissions.submissionitem", "pk": 83, "fields": {"submission": 18, "question": 27, "source_page_indices": [0, 1], "answer_image_paths": ["/Users/admin/học/teacher-assistant-v2/new/backend/media/answers/submission_18/ans_q4a_sub18_d646e19e392746fd8dbb0e13a8b8ec05.jpg", "/Users/admin/học/teacher-assistant-v2/new/backend/media/answers/submission_18/ans_q4a_ea4a05bd.jpg"], "has_multiple_images": true, "answer_bbox": {"x": 0.16875, "y": 0.471875, "w": 0.7666666666666667, "h": 0.38046875, "normalized": true}, "original_image_dimensions": {"width": 960, "height": 1280}, "annotations": [{"type": "textbox", "x": 0.02, "y": 0.02, "w": 0.6, "h": 0.04145262540334409, "text": "✗ sai", "fontSize": 16, "fill": "#dc3545", "fontFamily": "Helvetica, Arial, sans-serif", "lineHeight": 1.2, "textAlign": "left", "page": 0}, {"type": "textbox", "x": 0.02, "y": 0.07440657084188912, "w": 0.6, "h": 0.04145262540334409, "text": "✗ AM = MC (2 cạnh đối)", "fontSize": 16, "fill": "#dc3545", "fontFamily": "Helvetica, Arial, sans-serif", "lineHeight": 1.2, "textAlign": "left", "page": 0}, {"type": "textbox", "x": 0.02, "y": 0.12881314168377825, "w": 0.6, "h": 0.04145262540334409, "text": "✗ NAC = MCA (2 góc t.ư)", "fontSize": 16, "fill": "#dc3545", "fontFamily": "Helvetica, Arial, sans-serif", "lineHeight": 1.2, "textAlign": "left", "page": 0}, {"type": "textbox", "x": 0.02, "y": 0.18321971252566738, "w": 0.6, "h": 0.04145262540334409, "text": "! AB = CB, AB // CB (tc HBH)", "fontSize": 16, "fill": "#ff9800", "fontFamily": "Helvetica, Arial, sans-serif", "lineHeight": 1.2, "textAlign": "left", "page": 0}]}}, {"model": "submissions.grading", "pk": 14, "fields": {"submission_item": 12, "question": 4, "is_correct": true, "error_description": null, "error_phrases": null, "critical_errors": [], "part_errors": [], "partial_credit": true, "teacher_notes": null, "clarify_notes": null, "graded_at": "2025-10-12T09:09:52.276Z"}}, {"model": "submissions.grading", "pk": 15, "fields": {"submission_item": 13, "question": 5, "is_correct": false, "error_description": null, "error_phrases": null, "critical_errors": [{"description": "Tính DG bằng 1/2 cạnh huyền EF là đúng, tuy nhiên việc tính EF bị sai do nhầm lẫn giữa EF và cạnh DG. Học sinh tính đúng EF = 13, nhưng lại nhầm lẫn EF là cạnh DG để tính DG = 1/2 * 13 = 6.5", "phrases": ["Nhầm lẫn EF là cạnh DG để tính DG = 1/2 * 13 = 6.5"]}, {"description": "Học sinh sử dụng công thức tính độ dài đường cao trong tam giác vuông, tuy nhiên lại không giải quyết được yêu cầu của đề bài là tính UL và VL.", "phrases": ["Tính DL nhưng không tính UL, VL"]}], "part_errors": [], "partial_credit": true, "teacher_notes": null, "clarify_notes": "regrade", "graded_at": "2025-10-12T09:12:57.286Z"}}, {"model": "submissions.grading", "pk": 17, "fields": {"submission_item": 1, "question": 1, "is_correct": false, "error_description": null, "error_phrases": null, "critical_errors": [], "part_errors": [], "partial_credit": false, "teacher_notes": null, "clarify_notes": null, "graded_at": "2025-10-12T09:23:18.340Z"}}, {"model": "submissions.grading", "pk": 18, "fields": {"submission_item": 2, "question": 1, "is_correct": false, "error_description": null, "error_phrases": null, "critical_errors": [], "part_errors": [], "partial_credit": false, "teacher_notes": null, "clarify_notes": null, "graded_at": "2025-10-12T09:23:43.428Z"}}, {"model": "submissions.grading", "pk": 19, "fields": {"submission_item": 14, "question": 5, "is_correct": false, "error_description": null, "error_phrases": null, "critical_errors": [{"description": "Sai lầm trong việc tính DG. DG là đường trung tuyến ứng với cạnh huyền, nên DG = 1/2 EF, không phải cạnh huyền EF.", "phrases": ["DG = 1/2 EF (tc đường trung tuyến trong \\u0394 vuông)"]}, {"description": "Sai lầm khi áp dụng công thức tính đường cao trong tam giác vuông. Công thức đúng phải là 1/DL^2 = 1/DE^2 + 1/DF^2, hoặc DL = (DE * DF) / EF.", "phrases": ["DL = DE.DF/EF"]}], "part_errors": [], "partial_credit": true, "teacher_notes": null, "clarify_notes": null, "graded_at": "2025-10-12T09:28:04.838Z"}}, {"model": "submissions.grading", "pk": 20, "fields": {"submission_item": 15, "question": 6, "is_correct": false, "error_description": null, "error_phrases": null, "critical_errors": [{"description": "Phân tích sai đa thức 2x^2 - 7x + 5. Bước phân tích thành 2x(x-1) - 5(x-1) là đúng, nhưng kết quả cuối cùng bị ngược thứ tự các nhân tử.", "phrases": ["(x-1)(2x-5)"]}, {"description": "Phân tích sai đa thức 4x^4 - 5x^2 + 1. Bước phân tích thành (u-1)(4u-1) là đúng, nhưng khi thay u = x^2 và phân tích tiếp thì bị sai dấu ở (x^2 - 1)(4x^2 - 1).", "phrases": ["(x^2 - 1)(4x^2 - 1)"]}], "part_errors": [], "partial_credit": true, "teacher_notes": null, "clarify_notes": null, "graded_at": "2025-10-12T09:41:13.161Z"}}, {"model": "submissions.grading", "pk": 21, "fields": {"submission_item": 16, "question": 6, "is_correct": false, "error_description": null, "error_phrases": null, "critical_errors": [], "part_errors": [{"description": "Câu b không có trong bài làm của học sinh.", "phrases": []}], "partial_credit": true, "teacher_notes": null, "clarify_notes": null, "graded_at": "2025-10-12T10:32:35.971Z"}}, {"model": "submissions.grading", "pk": 51, "fields": {"submission_item": 50, "question": 17, "is_correct": true, "error_description": null, "error_phrases": null, "critical_errors": [], "part_errors": [], "partial_credit": false, "teacher_notes": null, "clarify_notes": null, "graded_at": "2025-10-14T08:55:40.563Z"}}, {"model": "submissions.grading", "pk": 52, "fields": {"submission_item": 49, "question": 16, "is_correct": false, "error_description": null, "error_phrases": null, "critical_errors": [], "part_errors": [{"description": "Bài làm của học sinh chưa hoàn thành. Học sinh đã tính đúng độ dài cạnh huyền EF và xác định đúng DG là đường trung tuyến ứng với cạnh huyền. Tuy nhiên, bài làm bị cắt ngang, thiếu bước cuối cùng là áp dụng tính chất đường trung tuyến trong tam giác vuông (đường trung tuyến ứng với cạnh huyền bằng nửa cạnh huyền) để tính giá trị của DG.", "phrases": ["Bài làm chưa hoàn thành"]}], "partial_credit": true, "teacher_notes": null, "clarify_notes": null, "graded_at": "2025-10-14T08:55:41.117Z"}}, {"model": "submissions.grading", "pk": 53, "fields": {"submission_item": 48, "question": 15, "is_correct": true, "error_description": null, "error_phrases": null, "critical_errors": [], "part_errors": [], "partial_credit": true, "teacher_notes": null, "clarify_notes": null, "graded_at": "2025-10-14T08:55:45.676Z"}}, {"model": "submissions.grading", "pk": 73, "fields": {"submission_item": 71, "question": 16, "is_correct": true, "error_description": null, "error_phrases": null, "critical_errors": [], "part_errors": [], "partial_credit": false, "teacher_notes": null, "clarify_notes": null, "graded_at": "2025-10-14T12:23:13.930Z"}}, {"model": "submissions.grading", "pk": 74, "fields": {"submission_item": 72, "question": 17, "is_correct": false, "error_description": null, "error_phrases": null, "critical_errors": [{"description": "Học sinh đã giải một bài toán hoàn toàn khác với đề bài yêu cầu. Đề bài yêu cầu phân tích đa thức $2x^2-7x+5$ thành nhân tử, nhưng bài làm của học sinh lại liên quan đến hình học (đường trung tuyến trong tam giác vuông, các góc vuông tạo bởi đường chéo).", "phrases": ["Giải sai đề bài", "Không giải bài toán được yêu cầu"]}], "part_errors": [], "partial_credit": false, "teacher_notes": null, "clarify_notes": null, "graded_at": "2025-10-14T16:15:26.756Z"}}, {"model": "submissions.grading", "pk": 75, "fields": {"submission_item": 74, "question": 15, "is_correct": false, "error_description": null, "error_phrases": null, "critical_errors": [{"description": "Học sinh đã giải một bài toán hoàn toàn khác so với đề bài yêu cầu. Đề bài yêu cầu chứng minh một đẳng thức liên quan đến tứ giác và các trung điểm, trong khi học sinh đã giải một bài toán tính khoảng cách từ tâm đến dây cung trong hình tròn. Mặc dù các bước giải của bài toán mà học sinh tự chọn là đúng, nhưng nó không liên quan đến câu hỏi gốc.", "phrases": ["Giải sai đề bài", "Không giải đúng bài toán được giao"]}], "part_errors": [], "partial_credit": false, "teacher_notes": null, "clarify_notes": null, "graded_at": "2025-10-14T16:20:50.536Z"}}, {"model": "submissions.grading", "pk": 76, "fields": {"submission_item": 75, "question": 16, "is_correct": false, "error_description": null, "error_phrases": null, "critical_errors": [{"description": "Học sinh đã giải một bài toán hoàn toàn khác với đề bài cho. Các dữ kiện và hình vẽ trong bài làm (tam giác MON, đường tròn tâm O, OM=ON=6cm) không liên quan đến tam giác DEF vuông tại D với DE=5cm, DF=12cm và G là trung điểm EF. Do đó, toàn bộ bài giải không đáp ứng yêu cầu của đề bài.", "phrases": ["Giải sai đề bài", "Bài làm không liên quan đến đề bài"]}], "part_errors": [], "partial_credit": false, "teacher_notes": null, "clarify_notes": null, "graded_at": "2025-10-14T16:20:54.714Z"}}, {"model": "submissions.grading", "pk": 77, "fields": {"submission_item": 76, "question": 15, "is_correct": true, "error_description": null, "error_phrases": null, "critical_errors": [], "part_errors": [{"description": "Học sinh ghi chú sai điều kiện vuông góc của đường chéo là AB ⊥ CD tại M (dòng 4), trong khi đề bài cho AC ⊥ BD tại M. Tuy nhiên, việc áp dụng các tam giác vuông AMB, BMC, DMC, AMD vẫn đúng, cho thấy học sinh hiểu đúng bản chất vấn đề.", "phrases": ["Ghi chú sai: AB ⊥ CD tại M"]}, {"description": "Ở bước tổng hợp các đoạn thẳng (dòng 19), học sinh viết nhầm '1/2 AH' thay vì '1/2 AD'. Tuy nhiên, ở dòng cuối cùng, học sinh đã viết đúng là 'AD'. Đây là lỗi nhỏ trong quá trình viết lại, không ảnh hưởng đến kết quả cuối cùng.", "phrases": ["Viết nhầm 'AH' thành 'AD' ở dòng 19"]}], "partial_credit": false, "teacher_notes": null, "clarify_notes": null, "graded_at": "2025-10-14T16:25:53.459Z"}}, {"model": "submissions.grading", "pk": 78, "fields": {"submission_item": 77, "question": 19, "is_correct": false, "error_description": null, "error_phrases": null, "critical_errors": [{"description": "Học sinh đã giải một biểu thức hoàn toàn khác so với biểu thức được yêu cầu trong đề bài. Đề bài yêu cầu rút gọn 2x(5xy - 4) - 10x^2y, nhưng học sinh lại giải biểu thức xy^2(2xy + x^3y - 1).", "phrases": ["Giải sai đề bài"]}], "part_errors": [], "partial_credit": false, "teacher_notes": null, "clarify_notes": null, "graded_at": "2025-10-14T17:37:17.202Z"}}, {"model": "submissions.grading", "pk": 79, "fields": {"submission_item": 78, "question": 20, "is_correct": false, "error_description": null, "error_phrases": null, "critical_errors": [{"description": "Học sinh đã giải một bài toán khác hoàn toàn so với đề bài yêu cầu. Đề bài yêu cầu rút gọn biểu thức `(x^3y - 3xy^2 + 5) - (6x^3y - 3xy^2 + 1)`, nhưng học sinh lại giải bài toán `(x - 2y)(x^2 + 2xy + 4y^2)`.", "phrases": ["Giải sai đề bài"]}], "part_errors": [], "partial_credit": false, "teacher_notes": null, "clarify_notes": null, "graded_at": "2025-10-14T17:37:17.660Z"}}, {"model": "submissions.grading", "pk": 80, "fields": {"submission_item": 80, "question": 22, "is_correct": true, "error_description": null, "error_phrases": null, "critical_errors": [], "part_errors": [], "partial_credit": false, "teacher_notes": null, "clarify_notes": null, "graded_at": "2025-10-14T17:37:18.586Z"}}, {"model": "submissions.grading", "pk": 81, "fields": {"submission_item": 81, "question": 23, "is_correct": true, "error_description": null, "error_phrases": null, "critical_errors": [], "part_errors": [], "partial_credit": false, "teacher_notes": null, "clarify_notes": null, "graded_at": "2025-10-14T17:37:29.082Z"}}, {"model": "submissions.grading", "pk": 82, "fields": {"submission_item": 82, "question": 24, "is_correct": false, "error_description": null, "error_phrases": null, "critical_errors": [{"description": "Học sinh đã tính toán sai tổng các hằng số (8 - 1 + 32) ở dòng 5. Kết quả đúng phải là 39, nhưng học sinh lại viết là -25. Lỗi này làm thay đổi phương trình cuối cùng và dẫn đến nghiệm sai.", "phrases": ["Tính sai hằng số: (8 - 1 + 32) = -25 (thay vì 39)"]}], "part_errors": [{"description": "Ở dòng đầu tiên, học sinh chép nhầm vế phải của phương trình từ '-32 - 14x' thành '-32x - 14x'. Tuy nhiên, ở bước khai triển tiếp theo, học sinh đã sửa lại đúng là '-32 - 14x' khi chuyển vế, nên lỗi này không ảnh hưởng đến quá trình giải.", "phrases": ["Chép nhầm đề bài ở dòng 1: '-32x' thay vì '-32'"]}], "partial_credit": true, "teacher_notes": null, "clarify_notes": null, "graded_at": "2025-10-14T17:37:35.057Z"}}, {"model": "submissions.grading", "pk": 83, "fields": {"submission_item": 83, "question": 27, "is_correct": false, "error_description": null, "error_phrases": null, "critical_errors": [{"description": "Trong phần a), sau khi chứng minh AMCN là hình bình hành, học sinh kết luận 'AM = MC (2 cạnh đối)'. Đây là một sai lầm nghiêm trọng về định nghĩa cạnh đối trong hình bình hành. Trong hình bình hành AMCN, AM và MC không phải là cạnh đối. Cạnh đối của AM là CN, và cạnh đối của AN là MC.", "phrases": ["AM = MC (2 cạnh đối)"]}, {"description": "Trong phần b), học sinh kết luận 'NAC = MCA (2 góc t.ư)'. Mặc dù hai góc này bằng nhau, nhưng lý do '2 góc tương ứng' là sai. Đây là cặp góc so le trong do AN song song với MC (vì AMCN là hình bình hành) và AC là cát tuyến.", "phrases": ["NAC = MCA (2 góc t.ư)"]}], "part_errors": [{"description": "Trong phần a), học sinh viết 'Vì ABCD là HBH (GT) nên: AB = CB, AB // CB (tc HBH)'. Đây là một sai lầm về tính chất cơ bản của hình bình hành. Trong hình bình hành ABCD, các cặp cạnh đối bằng nhau và song song là AB=CD, AD=BC và AB//CD, AD//BC. Tuy nhiên, lỗi này không ảnh hưởng đến logic chứng minh AMCN là hình bình hành vì học sinh đã sử dụng các tính chất đúng khác (AD // CB và AM = CN) để chứng minh.", "phrases": ["AB = CB, AB // CB (tc HBH)"]}], "partial_credit": true, "teacher_notes": null, "clarify_notes": null, "graded_at": "2025-10-14T17:37:58.801Z"}}, {"model": "jobs.job", "pk": 1, "fields": {"type": "UPSCALE_SUBMISSION", "status": "succeeded", "payload": {"submission_id": 1, "image_paths": ["/Users/admin/học/teacher-assistant-v2/new/backend/media/submissions/submission_1/sub1_70649c4748df4f538b77d4ea8aad0b01.jpg", "/Users/admin/học/teacher-assistant-v2/new/backend/media/submissions/submission_1/sub1_9d4e0f5b712d4b5689d2191f24c78c58.jpg"]}, "result": {"upscaled_paths": ["/Users/admin/học/teacher-assistant-v2/new/backend/media/submissions/submission_1/upscaled/sub1_70649c4748df4f538b77d4ea8aad0b01_x2.jpg", "/Users/admin/học/teacher-assistant-v2/new/backend/media/submissions/submission_1/upscaled/sub1_9d4e0f5b712d4b5689d2191f24c78c58_x2.jpg"]}, "error": null, "retries": 0, "max_retries": 3, "scheduled_at": null, "started_at": "2025-10-08T15:33:37.359Z", "finished_at": "2025-10-08T15:33:37.372Z", "parent_job": null, "owner": null, "created_at": "2025-10-08T15:33:37.077Z", "updated_at": "2025-10-08T15:33:37.077Z"}}, {"model": "jobs.job", "pk": 2, "fields": {"type": "UPSCALE_SUBMISSION", "status": "succeeded", "payload": {"submission_id": 2, "image_paths": ["/Users/admin/học/teacher-assistant-v2/new/backend/media/submissions/submission_2/sub2_ae2b5f27d429476db2938906a1fe1f9a.png"]}, "result": {"upscaled_paths": ["/Users/admin/học/teacher-assistant-v2/new/backend/media/submissions/submission_2/upscaled/sub2_ae2b5f27d429476db2938906a1fe1f9a_x2.png"]}, "error": null, "retries": 0, "max_retries": 3, "scheduled_at": null, "started_at": "2025-10-09T11:08:27.263Z", "finished_at": "2025-10-09T11:08:27.607Z", "parent_job": null, "owner": null, "created_at": "2025-10-09T11:08:26.894Z", "updated_at": "2025-10-09T11:08:26.894Z"}}, {"model": "jobs.job", "pk": 3, "fields": {"type": "GRADE_ITEM", "status": "succeeded", "payload": {"submission_item_id": 2}, "result": 2, "error": null, "retries": 0, "max_retries": 3, "scheduled_at": null, "started_at": "2025-10-09T11:34:18.656Z", "finished_at": "2025-10-09T11:34:18.664Z", "parent_job": null, "owner": null, "created_at": "2025-10-09T11:34:18.641Z", "updated_at": "2025-10-09T11:34:18.641Z"}}, {"model": "jobs.job", "pk": 4, "fields": {"type": "GRADE_ITEM", "status": "succeeded", "payload": {"submission_item_id": 3}, "result": 3, "error": null, "retries": 0, "max_retries": 3, "scheduled_at": null, "started_at": "2025-10-09T11:35:27.109Z", "finished_at": "2025-10-09T11:35:27.114Z", "parent_job": null, "owner": null, "created_at": "2025-10-09T11:35:27.045Z", "updated_at": "2025-10-09T11:35:27.045Z"}}, {"model": "jobs.job", "pk": 5, "fields": {"type": "GRADE_ITEM", "status": "succeeded", "payload": {"submission_item_id": 4}, "result": 4, "error": null, "retries": 0, "max_retries": 3, "scheduled_at": null, "started_at": "2025-10-09T11:35:46.312Z", "finished_at": "2025-10-09T11:35:46.316Z", "parent_job": null, "owner": null, "created_at": "2025-10-09T11:35:46.108Z", "updated_at": "2025-10-09T11:35:46.108Z"}}, {"model": "jobs.job", "pk": 6, "fields": {"type": "GRADE_ITEM", "status": "succeeded", "payload": {"submission_item_id": 5}, "result": 5, "error": null, "retries": 0, "max_retries": 3, "scheduled_at": null, "started_at": "2025-10-09T11:36:17.618Z", "finished_at": "2025-10-09T11:36:17.623Z", "parent_job": null, "owner": null, "created_at": "2025-10-09T11:36:17.559Z", "updated_at": "2025-10-09T11:36:17.559Z"}}, {"model": "jobs.job", "pk": 7, "fields": {"type": "GRADE_ITEM", "status": "failed", "payload": {"submission_item_id": 6}, "result": null, "error": "Unknown job type: GRADE_ITEM", "retries": 1, "max_retries": 3, "scheduled_at": null, "started_at": "2025-10-09T11:37:30.529Z", "finished_at": "2025-10-09T11:37:30.563Z", "parent_job": null, "owner": null, "created_at": "2025-10-09T11:37:30.291Z", "updated_at": "2025-10-09T11:37:30.291Z"}}, {"model": "jobs.job", "pk": 8, "fields": {"type": "UPSCALE_SUBMISSION", "status": "succeeded", "payload": {"submission_id": 3, "image_paths": ["/Users/admin/học/teacher-assistant-v2/new/backend/media/submissions/submission_3/sub3_f2499c45c84e429898e013b6ad4b3d15.png"]}, "result": {"upscaled_paths": ["/Users/admin/học/teacher-assistant-v2/new/backend/media/submissions/submission_3/upscaled/sub3_f2499c45c84e429898e013b6ad4b3d15_x2.png"]}, "error": null, "retries": 0, "max_retries": 3, "scheduled_at": null, "started_at": "2025-10-09T12:10:05.193Z", "finished_at": "2025-10-09T12:10:05.534Z", "parent_job": null, "owner": null, "created_at": "2025-10-09T12:10:05.137Z", "updated_at": "2025-10-09T12:10:05.137Z"}}, {"model": "jobs.job", "pk": 9, "fields": {"type": "UPSCALE_SUBMISSION", "status": "succeeded", "payload": {"submission_id": 3, "image_paths": ["/Users/admin/học/teacher-assistant-v2/new/backend/media/submissions/submission_3/sub3_f2499c45c84e429898e013b6ad4b3d15.png", "/Users/admin/học/teacher-assistant-v2/new/backend/media/submissions/submission_3/sub3_2712bdbd6e354448aecc842362e67971.png"]}, "result": {"upscaled_paths": ["/Users/admin/học/teacher-assistant-v2/new/backend/media/submissions/submission_3/upscaled/sub3_f2499c45c84e429898e013b6ad4b3d15_x2.png", "/Users/admin/học/teacher-assistant-v2/new/backend/media/submissions/submission_3/upscaled/sub3_2712bdbd6e354448aecc842362e67971_x2.png"]}, "error": null, "retries": 0, "max_retries": 3, "scheduled_at": null, "started_at": "2025-10-09T12:10:17.736Z", "finished_at": "2025-10-09T12:10:18.323Z", "parent_job": null, "owner": null, "created_at": "2025-10-09T12:10:17.168Z", "updated_at": "2025-10-09T12:10:17.168Z"}}, {"model": "jobs.job", "pk": 10, "fields": {"type": "UPSCALE_SUBMISSION", "status": "succeeded", "payload": {"submission_id": 4, "image_paths": ["/Users/admin/học/teacher-assistant-v2/new/backend/media/submissions/submission_4/sub4_a723920ccfdf439baf82aaf0a39f02af.png"]}, "result": {"upscaled_paths": ["/Users/admin/học/teacher-assistant-v2/new/backend/media/submissions/submission_4/upscaled/sub4_a723920ccfdf439baf82aaf0a39f02af_x2.png"]}, "error": null, "retries": 0, "max_retries": 3, "scheduled_at": null, "started_at": "2025-10-09T12:12:16.256Z", "finished_at": "2025-10-09T12:12:16.530Z", "parent_job": null, "owner": null, "created_at": "2025-10-09T12:12:16.057Z", "updated_at": "2025-10-09T12:12:16.057Z"}}, {"model": "jobs.job", "pk": 11, "fields": {"type": "GRADE_ITEM", "status": "failed", "payload": {"submission_item_id": 7}, "result": null, "error": "database is locked", "retries": 3, "max_retries": 3, "scheduled_at": null, "started_at": "2025-10-09T12:13:16.030Z", "finished_at": "2025-10-09T12:13:16.075Z", "parent_job": null, "owner": null, "created_at": "2025-10-09T12:13:15.084Z", "updated_at": "2025-10-09T12:13:15.084Z"}}, {"model": "jobs.job", "pk": 12, "fields": {"type": "UPSCALE_SUBMISSION", "status": "succeeded", "payload": {"submission_id": 5, "image_paths": ["/Users/admin/học/teacher-assistant-v2/new/backend/media/submissions/submission_5/sub5_b42ecf2619904c16abc57c8bb881efbe.jpg"]}, "result": {"upscaled_paths": ["/Users/admin/học/teacher-assistant-v2/new/backend/media/submissions/submission_5/upscaled/sub5_b42ecf2619904c16abc57c8bb881efbe_x2.jpg"]}, "error": null, "retries": 0, "max_retries": 3, "scheduled_at": null, "started_at": "2025-10-12T09:01:11.203Z", "finished_at": "2025-10-12T09:01:11.274Z", "parent_job": null, "owner": null, "created_at": "2025-10-11T15:31:27.919Z", "updated_at": "2025-10-11T15:31:27.919Z"}}, {"model": "jobs.job", "pk": 13, "fields": {"type": "UPSCALE_SUBMISSION", "status": "succeeded", "payload": {"submission_id": 6, "image_paths": ["/Users/admin/học/teacher-assistant-v2/new/backend/media/submissions/submission_6/sub6_cbdf0d459d704197b3f2c8787a14866e.png", "/Users/admin/học/teacher-assistant-v2/new/backend/media/submissions/submission_6/sub6_b174c49db96341d289e39aa656293714.png"]}, "result": {"upscaled_paths": ["/Users/admin/học/teacher-assistant-v2/new/backend/media/submissions/submission_6/upscaled/sub6_cbdf0d459d704197b3f2c8787a14866e_x2.png", "/Users/admin/học/teacher-assistant-v2/new/backend/media/submissions/submission_6/upscaled/sub6_b174c49db96341d289e39aa656293714_x2.png"]}, "error": null, "retries": 0, "max_retries": 3, "scheduled_at": null, "started_at": "2025-10-12T09:01:11.380Z", "finished_at": "2025-10-12T09:01:11.719Z", "parent_job": null, "owner": null, "created_at": "2025-10-12T04:20:01.469Z", "updated_at": "2025-10-12T04:20:01.469Z"}}, {"model": "jobs.job", "pk": 14, "fields": {"type": "GRADE_ITEM", "status": "succeeded", "payload": {"submission_item_id": 8}, "result": 8, "error": null, "retries": 0, "max_retries": 3, "scheduled_at": null, "started_at": "2025-10-12T09:01:11.827Z", "finished_at": "2025-10-12T09:01:11.861Z", "parent_job": null, "owner": null, "created_at": "2025-10-12T04:25:38.330Z", "updated_at": "2025-10-12T04:25:38.330Z"}}, {"model": "jobs.job", "pk": 15, "fields": {"type": "GRADE_ITEM", "status": "succeeded", "payload": {"submission_item_id": 9}, "result": 9, "error": null, "retries": 0, "max_retries": 3, "scheduled_at": null, "started_at": "2025-10-12T09:01:11.969Z", "finished_at": "2025-10-12T09:01:11.983Z", "parent_job": null, "owner": null, "created_at": "2025-10-12T08:54:10.231Z", "updated_at": "2025-10-12T08:54:10.231Z"}}, {"model": "jobs.job", "pk": 16, "fields": {"type": "GRADE_ITEM", "status": "succeeded", "payload": {"submission_item_id": 10}, "result": 10, "error": null, "retries": 0, "max_retries": 3, "scheduled_at": null, "started_at": "2025-10-12T09:01:12.091Z", "finished_at": "2025-10-12T09:01:12.106Z", "parent_job": null, "owner": null, "created_at": "2025-10-12T08:55:05.102Z", "updated_at": "2025-10-12T08:55:05.102Z"}}, {"model": "jobs.job", "pk": 17, "fields": {"type": "GRADE_ITEM", "status": "succeeded", "payload": {"submission_item_id": 11}, "result": 11, "error": null, "retries": 0, "max_retries": 3, "scheduled_at": null, "started_at": "2025-10-12T09:01:12.215Z", "finished_at": "2025-10-12T09:01:12.233Z", "parent_job": null, "owner": null, "created_at": "2025-10-12T08:55:22.587Z", "updated_at": "2025-10-12T08:55:22.587Z"}}, {"model": "jobs.job", "pk": 18, "fields": {"type": "GRADE_ITEM", "status": "succeeded", "payload": {"submission_item_id": 12}, "result": 12, "error": null, "retries": 0, "max_retries": 3, "scheduled_at": null, "started_at": "2025-10-12T09:01:12.339Z", "finished_at": "2025-10-12T09:01:12.354Z", "parent_job": null, "owner": null, "created_at": "2025-10-12T08:56:14.551Z", "updated_at": "2025-10-12T08:56:14.551Z"}}, {"model": "jobs.job", "pk": 19, "fields": {"type": "GRADE_ITEM", "status": "succeeded", "payload": {"submission_item_id": 12}, "result": 14, "error": "database is locked", "retries": 1, "max_retries": 3, "scheduled_at": null, "started_at": "2025-10-12T09:09:59.172Z", "finished_at": "2025-10-12T09:10:08.929Z", "parent_job": null, "owner": null, "created_at": "2025-10-12T09:09:59.141Z", "updated_at": "2025-10-12T09:09:59.141Z"}}, {"model": "jobs.job", "pk": 20, "fields": {"type": "UPSCALE_SUBMISSION", "status": "succeeded", "payload": {"submission_id": 7, "image_paths": ["/Users/admin/học/teacher-assistant-v2/new/backend/media/submissions/submission_7/sub7_8806dc5be9074047b2e8f41303c8f0d2.png", "/Users/admin/học/teacher-assistant-v2/new/backend/media/submissions/submission_7/sub7_24243ba788734f549766a060e6bda3a4.png"]}, "result": {"upscaled_paths": ["/Users/admin/học/teacher-assistant-v2/new/backend/media/submissions/submission_7/upscaled/sub7_8806dc5be9074047b2e8f41303c8f0d2_x2.png", "/Users/admin/học/teacher-assistant-v2/new/backend/media/submissions/submission_7/upscaled/sub7_24243ba788734f549766a060e6bda3a4_x2.png"]}, "error": null, "retries": 0, "max_retries": 3, "scheduled_at": null, "started_at": "2025-10-12T09:12:42.522Z", "finished_at": "2025-10-12T09:12:42.822Z", "parent_job": null, "owner": null, "created_at": "2025-10-12T09:12:42.430Z", "updated_at": "2025-10-12T09:12:42.430Z"}}, {"model": "jobs.job", "pk": 21, "fields": {"type": "GRADE_ITEM", "status": "succeeded", "payload": {"submission_item_id": 13}, "result": 15, "error": null, "retries": 0, "max_retries": 3, "scheduled_at": null, "started_at": "2025-10-12T09:12:57.269Z", "finished_at": "2025-10-12T09:12:57.287Z", "parent_job": null, "owner": null, "created_at": "2025-10-12T09:12:57.067Z", "updated_at": "2025-10-12T09:12:57.067Z"}}, {"model": "jobs.job", "pk": 22, "fields": {"type": "GRADE_ITEM", "status": "succeeded", "payload": {"submission_item_id": 1}, "result": 16, "error": null, "retries": 0, "max_retries": 3, "scheduled_at": null, "started_at": "2025-10-12T09:22:23.482Z", "finished_at": "2025-10-12T09:22:23.529Z", "parent_job": null, "owner": null, "created_at": "2025-10-12T09:22:23.004Z", "updated_at": "2025-10-12T09:22:23.005Z"}}, {"model": "jobs.job", "pk": 23, "fields": {"type": "GRADE_ITEM", "status": "succeeded", "payload": {"submission_item_id": 1}, "result": 17, "error": null, "retries": 0, "max_retries": 3, "scheduled_at": null, "started_at": "2025-10-12T09:23:17.142Z", "finished_at": "2025-10-12T09:23:18.343Z", "parent_job": null, "owner": null, "created_at": "2025-10-12T09:23:16.853Z", "updated_at": "2025-10-12T09:23:16.853Z"}}, {"model": "jobs.job", "pk": 24, "fields": {"type": "GRADE_ITEM", "status": "succeeded", "payload": {"submission_item_id": 2}, "result": 18, "error": null, "retries": 0, "max_retries": 3, "scheduled_at": null, "started_at": "2025-10-12T09:23:41.568Z", "finished_at": "2025-10-12T09:23:43.430Z", "parent_job": null, "owner": null, "created_at": "2025-10-12T09:23:40.910Z", "updated_at": "2025-10-12T09:23:40.910Z"}}, {"model": "jobs.job", "pk": 25, "fields": {"type": "GRADE_ITEM", "status": "succeeded", "payload": {"submission_item_id": 14}, "result": 19, "error": null, "retries": 0, "max_retries": 3, "scheduled_at": null, "started_at": "2025-10-12T09:28:01.947Z", "finished_at": "2025-10-12T09:28:04.841Z", "parent_job": null, "owner": null, "created_at": "2025-10-12T09:28:01.014Z", "updated_at": "2025-10-12T09:28:01.014Z"}}, {"model": "jobs.job", "pk": 26, "fields": {"type": "UPSCALE_SUBMISSION", "status": "succeeded", "payload": {"submission_id": 8, "image_paths": ["/Users/admin/học/teacher-assistant-v2/new/backend/media/submissions/submission_8/sub8_e8042661373d44bc9d67907a44c87a81.png"]}, "result": {"upscaled_paths": ["/Users/admin/học/teacher-assistant-v2/new/backend/media/submissions/submission_8/upscaled/sub8_e8042661373d44bc9d67907a44c87a81_x2.png"]}, "error": null, "retries": 0, "max_retries": 3, "scheduled_at": null, "started_at": "2025-10-12T09:40:54.188Z", "finished_at": "2025-10-12T09:40:54.450Z", "parent_job": null, "owner": null, "created_at": "2025-10-12T09:40:53.643Z", "updated_at": "2025-10-12T09:40:53.643Z"}}, {"model": "jobs.job", "pk": 27, "fields": {"type": "GRADE_ITEM", "status": "succeeded", "payload": {"submission_item_id": 15}, "result": 20, "error": null, "retries": 0, "max_retries": 3, "scheduled_at": null, "started_at": "2025-10-12T09:41:09.665Z", "finished_at": "2025-10-12T09:41:13.164Z", "parent_job": null, "owner": null, "created_at": "2025-10-12T09:41:09.007Z", "updated_at": "2025-10-12T09:41:09.007Z"}}, {"model": "jobs.job", "pk": 28, "fields": {"type": "GRADE_ITEM", "status": "succeeded", "payload": {"submission_item_id": 16}, "result": 21, "error": null, "retries": 0, "max_retries": 3, "scheduled_at": null, "started_at": "2025-10-12T10:32:34.308Z", "finished_at": "2025-10-12T10:32:35.974Z", "parent_job": null, "owner": null, "created_at": "2025-10-12T10:32:33.861Z", "updated_at": "2025-10-12T10:32:33.861Z"}}, {"model": "jobs.job", "pk": 29, "fields": {"type": "UPSCALE_SUBMISSION", "status": "succeeded", "payload": {"submission_id": 9, "image_paths": ["/Users/admin/học/teacher-assistant-v2/new/backend/media/submissions/submission_9/sub9_3b0320c8a66a46589113384f94bfefe7.png"]}, "result": {"upscaled_paths": ["/Users/admin/học/teacher-assistant-v2/new/backend/media/submissions/submission_9/upscaled/sub9_3b0320c8a66a46589113384f94bfefe7_x2.png"]}, "error": null, "retries": 0, "max_retries": 3, "scheduled_at": null, "started_at": "2025-10-12T10:33:14.390Z", "finished_at": "2025-10-12T10:33:14.600Z", "parent_job": null, "owner": null, "created_at": "2025-10-12T10:33:14.139Z", "updated_at": "2025-10-12T10:33:14.139Z"}}, {"model": "jobs.job", "pk": 30, "fields": {"type": "GRADE_ITEM", "status": "succeeded", "payload": {"submission_item_id": 17}, "result": 22, "error": null, "retries": 0, "max_retries": 3, "scheduled_at": null, "started_at": "2025-10-12T10:33:32.843Z", "finished_at": "2025-10-12T10:33:37.288Z", "parent_job": null, "owner": null, "created_at": "2025-10-12T10:33:32.502Z", "updated_at": "2025-10-12T10:33:32.502Z"}}, {"model": "jobs.job", "pk": 31, "fields": {"type": "UPSCALE_SUBMISSION", "status": "succeeded", "payload": {"submission_id": 10, "image_paths": ["/Users/admin/học/teacher-assistant-v2/new/backend/media/submissions/submission_10/sub10_08389ad974664ee5b28082f3159e9a95.png"]}, "result": {"upscaled_paths": ["/Users/admin/học/teacher-assistant-v2/new/backend/media/submissions/submission_10/upscaled/sub10_08389ad974664ee5b28082f3159e9a95_x2.png"]}, "error": null, "retries": 0, "max_retries": 3, "scheduled_at": null, "started_at": "2025-10-12T15:35:04.393Z", "finished_at": "2025-10-12T15:35:04.593Z", "parent_job": null, "owner": null, "created_at": "2025-10-12T15:35:04.327Z", "updated_at": "2025-10-12T15:35:04.327Z"}}, {"model": "jobs.job", "pk": 32, "fields": {"type": "GRADE_ITEM", "status": "succeeded", "payload": {"submission_item_id": 18}, "result": 23, "error": null, "retries": 0, "max_retries": 3, "scheduled_at": null, "started_at": "2025-10-12T15:35:16.792Z", "finished_at": "2025-10-12T15:35:19.170Z", "parent_job": null, "owner": null, "created_at": "2025-10-12T15:35:16.276Z", "updated_at": "2025-10-12T15:35:16.276Z"}}, {"model": "jobs.job", "pk": 33, "fields": {"type": "GRADE_ITEM", "status": "succeeded", "payload": {"submission_item_id": 19}, "result": 24, "error": null, "retries": 0, "max_retries": 3, "scheduled_at": null, "started_at": "2025-10-12T15:35:25.308Z", "finished_at": "2025-10-12T15:35:26.722Z", "parent_job": null, "owner": null, "created_at": "2025-10-12T15:35:24.468Z", "updated_at": "2025-10-12T15:35:24.468Z"}}, {"model": "jobs.job", "pk": 34, "fields": {"type": "UPSCALE_SUBMISSION", "status": "succeeded", "payload": {"submission_id": 14, "image_paths": ["/Users/admin/học/teacher-assistant-v2/new/backend/media/submissions/submission_14/sub14_b2e339c2e63c4108a081a53c5894625a_p001.jpg", "/Users/admin/học/teacher-assistant-v2/new/backend/media/submissions/submission_14/sub14_b2e339c2e63c4108a081a53c5894625a_p002.jpg"]}, "result": {"upscaled_paths": ["/Users/admin/học/teacher-assistant-v2/new/backend/media/submissions/submission_14/upscaled/sub14_b2e339c2e63c4108a081a53c5894625a_p001_x2.jpg", "/Users/admin/học/teacher-assistant-v2/new/backend/media/submissions/submission_14/upscaled/sub14_b2e339c2e63c4108a081a53c5894625a_p002_x2.jpg"]}, "error": null, "retries": 0, "max_retries": 3, "scheduled_at": null, "started_at": "2025-10-13T10:48:02.909Z", "finished_at": "2025-10-13T10:48:03.348Z", "parent_job": null, "owner": null, "created_at": "2025-10-13T10:48:02.670Z", "updated_at": "2025-10-13T10:48:02.670Z"}}, {"model": "jobs.job", "pk": 35, "fields": {"type": "GRADE_ITEM", "status": "succeeded", "payload": {"submission_item_id": 20}, "result": 25, "error": null, "retries": 0, "max_retries": 3, "scheduled_at": null, "started_at": "2025-10-13T10:56:16.172Z", "finished_at": "2025-10-13T10:56:16.186Z", "parent_job": null, "owner": null, "created_at": "2025-10-13T10:56:16.058Z", "updated_at": "2025-10-13T10:56:16.058Z"}}, {"model": "jobs.job", "pk": 36, "fields": {"type": "GRADE_ITEM", "status": "succeeded", "payload": {"submission_item_id": 21}, "result": 26, "error": null, "retries": 0, "max_retries": 3, "scheduled_at": null, "started_at": "2025-10-13T10:56:20.312Z", "finished_at": "2025-10-13T10:56:20.316Z", "parent_job": null, "owner": null, "created_at": "2025-10-13T10:56:20.219Z", "updated_at": "2025-10-13T10:56:20.220Z"}}, {"model": "jobs.job", "pk": 37, "fields": {"type": "GRADE_ITEM", "status": "succeeded", "payload": {"submission_item_id": 22}, "result": 27, "error": null, "retries": 0, "max_retries": 3, "scheduled_at": null, "started_at": "2025-10-13T10:56:30.464Z", "finished_at": "2025-10-13T10:56:30.471Z", "parent_job": null, "owner": null, "created_at": "2025-10-13T10:56:30.240Z", "updated_at": "2025-10-13T10:56:30.240Z"}}, {"model": "jobs.job", "pk": 38, "fields": {"type": "GRADE_ITEM", "status": "succeeded", "payload": {"submission_item_id": 23}, "result": 28, "error": null, "retries": 0, "max_retries": 3, "scheduled_at": null, "started_at": "2025-10-13T11:01:06.073Z", "finished_at": "2025-10-13T11:01:06.084Z", "parent_job": null, "owner": null, "created_at": "2025-10-13T11:01:05.388Z", "updated_at": "2025-10-13T11:01:05.388Z"}}, {"model": "jobs.job", "pk": 39, "fields": {"type": "GRADE_ITEM", "status": "succeeded", "payload": {"submission_item_id": 24}, "result": 29, "error": null, "retries": 0, "max_retries": 3, "scheduled_at": null, "started_at": "2025-10-13T11:01:13.229Z", "finished_at": "2025-10-13T11:01:13.233Z", "parent_job": null, "owner": null, "created_at": "2025-10-13T11:01:13.005Z", "updated_at": "2025-10-13T11:01:13.005Z"}}, {"model": "jobs.job", "pk": 40, "fields": {"type": "GRADE_ITEM", "status": "succeeded", "payload": {"submission_item_id": 25}, "result": 30, "error": null, "retries": 0, "max_retries": 3, "scheduled_at": null, "started_at": "2025-10-13T11:03:19.202Z", "finished_at": "2025-10-13T11:03:19.223Z", "parent_job": null, "owner": null, "created_at": "2025-10-13T11:03:18.668Z", "updated_at": "2025-10-13T11:03:18.668Z"}}, {"model": "jobs.job", "pk": 41, "fields": {"type": "UPSCALE_SUBMISSION", "status": "succeeded", "payload": {"submission_id": 15, "image_paths": ["/Users/admin/học/teacher-assistant-v2/new/backend/media/submissions/submission_15/sub15_c64ee89acaa34a04b5bf520012381652_p001.jpg", "/Users/admin/học/teacher-assistant-v2/new/backend/media/submissions/submission_15/sub15_c64ee89acaa34a04b5bf520012381652_p002.jpg", "/Users/admin/học/teacher-assistant-v2/new/backend/media/submissions/submission_15/sub15_c64ee89acaa34a04b5bf520012381652_p003.jpg"]}, "result": {"upscaled_paths": ["/Users/admin/học/teacher-assistant-v2/new/backend/media/submissions/submission_15/upscaled/sub15_c64ee89acaa34a04b5bf520012381652_p001_x2.jpg", "/Users/admin/học/teacher-assistant-v2/new/backend/media/submissions/submission_15/upscaled/sub15_c64ee89acaa34a04b5bf520012381652_p002_x2.jpg", "/Users/admin/học/teacher-assistant-v2/new/backend/media/submissions/submission_15/upscaled/sub15_c64ee89acaa34a04b5bf520012381652_p003_x2.jpg"]}, "error": null, "retries": 0, "max_retries": 3, "scheduled_at": null, "started_at": "2025-10-14T07:40:09.691Z", "finished_at": "2025-10-14T07:40:10.349Z", "parent_job": null, "owner": null, "created_at": "2025-10-14T07:40:08.834Z", "updated_at": "2025-10-14T07:40:08.834Z"}}, {"model": "jobs.job", "pk": 42, "fields": {"type": "GRADE_ITEM", "status": "succeeded", "payload": {"submission_item_id": 48}, "result": 53, "error": "database is locked", "retries": 1, "max_retries": 3, "scheduled_at": null, "started_at": "2025-10-14T08:55:30.747Z", "finished_at": "2025-10-14T08:55:45.678Z", "parent_job": null, "owner": null, "created_at": "2025-10-14T08:37:04.085Z", "updated_at": "2025-10-14T08:37:04.085Z"}}, {"model": "jobs.job", "pk": 43, "fields": {"type": "GRADE_ITEM", "status": "succeeded", "payload": {"submission_item_id": 49}, "result": 52, "error": null, "retries": 0, "max_retries": 3, "scheduled_at": null, "started_at": "2025-10-14T08:55:30.855Z", "finished_at": "2025-10-14T08:55:41.119Z", "parent_job": null, "owner": null, "created_at": "2025-10-14T08:37:04.089Z", "updated_at": "2025-10-14T08:37:04.089Z"}}, {"model": "jobs.job", "pk": 44, "fields": {"type": "GRADE_ITEM", "status": "succeeded", "payload": {"submission_item_id": 50}, "result": 51, "error": null, "retries": 0, "max_retries": 3, "scheduled_at": null, "started_at": "2025-10-14T08:55:30.858Z", "finished_at": "2025-10-14T08:55:40.564Z", "parent_job": null, "owner": null, "created_at": "2025-10-14T08:37:04.091Z", "updated_at": "2025-10-14T08:37:04.091Z"}}, {"model": "jobs.job", "pk": 45, "fields": {"type": "UPSCALE_SUBMISSION", "status": "succeeded", "payload": {"submission_id": 16, "image_paths": ["/Users/admin/học/teacher-assistant-v2/new/backend/media/submissions/submission_16/sub16_05294deb5f8c4048919830cb5640d943_p001.jpg", "/Users/admin/học/teacher-assistant-v2/new/backend/media/submissions/submission_16/sub16_05294deb5f8c4048919830cb5640d943_p002.jpg", "/Users/admin/học/teacher-assistant-v2/new/backend/media/submissions/submission_16/sub16_05294deb5f8c4048919830cb5640d943_p003.jpg"]}, "result": {"upscaled_paths": ["/Users/admin/học/teacher-assistant-v2/new/backend/media/submissions/submission_16/upscaled/sub16_05294deb5f8c4048919830cb5640d943_p001_x2.jpg", "/Users/admin/học/teacher-assistant-v2/new/backend/media/submissions/submission_16/upscaled/sub16_05294deb5f8c4048919830cb5640d943_p002_x2.jpg", "/Users/admin/học/teacher-assistant-v2/new/backend/media/submissions/submission_16/upscaled/sub16_05294deb5f8c4048919830cb5640d943_p003_x2.jpg"]}, "error": null, "retries": 0, "max_retries": 3, "scheduled_at": null, "started_at": "2025-10-14T08:55:40.671Z", "finished_at": "2025-10-14T08:55:41.191Z", "parent_job": null, "owner": null, "created_at": "2025-10-14T08:37:19.292Z", "updated_at": "2025-10-14T08:37:19.292Z"}}, {"model": "jobs.job", "pk": 46, "fields": {"type": "GRADE_ITEM", "status": "succeeded", "payload": {"submission_item_id": 51}, "result": 56, "error": null, "retries": 0, "max_retries": 3, "scheduled_at": null, "started_at": "2025-10-14T08:55:41.226Z", "finished_at": "2025-10-14T08:56:08.582Z", "parent_job": null, "owner": null, "created_at": "2025-10-14T08:37:52.117Z", "updated_at": "2025-10-14T08:37:52.117Z"}}, {"model": "jobs.job", "pk": 47, "fields": {"type": "GRADE_ITEM", "status": "succeeded", "payload": {"submission_item_id": 52}, "result": 54, "error": null, "retries": 0, "max_retries": 3, "scheduled_at": null, "started_at": "2025-10-14T08:55:41.297Z", "finished_at": "2025-10-14T08:55:54.588Z", "parent_job": null, "owner": null, "created_at": "2025-10-14T08:37:52.119Z", "updated_at": "2025-10-14T08:37:52.119Z"}}, {"model": "jobs.job", "pk": 48, "fields": {"type": "GRADE_ITEM", "status": "succeeded", "payload": {"submission_item_id": 53}, "result": 55, "error": null, "retries": 0, "max_retries": 3, "scheduled_at": null, "started_at": "2025-10-14T08:55:45.786Z", "finished_at": "2025-10-14T08:56:05.839Z", "parent_job": null, "owner": null, "created_at": "2025-10-14T08:37:52.121Z", "updated_at": "2025-10-14T08:37:52.121Z"}}, {"model": "jobs.job", "pk": 49, "fields": {"type": "GRADE_ITEM", "status": "succeeded", "payload": {"submission_item_id": 51}, "result": 56, "error": null, "retries": 0, "max_retries": 3, "scheduled_at": null, "started_at": "2025-10-14T08:58:34.534Z", "finished_at": "2025-10-14T08:59:01.962Z", "parent_job": null, "owner": null, "created_at": "2025-10-14T08:58:34.099Z", "updated_at": "2025-10-14T08:58:34.099Z"}}, {"model": "jobs.job", "pk": 50, "fields": {"type": "GRADE_ITEM", "status": "succeeded", "payload": {"submission_item_id": 52}, "result": 54, "error": null, "retries": 0, "max_retries": 3, "scheduled_at": null, "started_at": "2025-10-14T08:58:34.694Z", "finished_at": "2025-10-14T08:58:45.955Z", "parent_job": null, "owner": null, "created_at": "2025-10-14T08:58:34.102Z", "updated_at": "2025-10-14T08:58:34.102Z"}}, {"model": "jobs.job", "pk": 51, "fields": {"type": "GRADE_ITEM", "status": "succeeded", "payload": {"submission_item_id": 53}, "result": 55, "error": null, "retries": 0, "max_retries": 3, "scheduled_at": null, "started_at": "2025-10-14T08:58:34.763Z", "finished_at": "2025-10-14T08:58:51.060Z", "parent_job": null, "owner": null, "created_at": "2025-10-14T08:58:34.104Z", "updated_at": "2025-10-14T08:58:34.104Z"}}, {"model": "jobs.job", "pk": 52, "fields": {"type": "GRADE_ITEM", "status": "succeeded", "payload": {"submission_item_id": 48}, "result": 53, "error": null, "retries": 0, "max_retries": 3, "scheduled_at": null, "started_at": "2025-10-14T08:58:46.062Z", "finished_at": "2025-10-14T08:58:57.830Z", "parent_job": null, "owner": null, "created_at": "2025-10-14T08:58:38.655Z", "updated_at": "2025-10-14T08:58:38.655Z"}}, {"model": "jobs.job", "pk": 53, "fields": {"type": "GRADE_ITEM", "status": "succeeded", "payload": {"submission_item_id": 49}, "result": 52, "error": null, "retries": 0, "max_retries": 3, "scheduled_at": null, "started_at": "2025-10-14T08:58:51.169Z", "finished_at": "2025-10-14T08:59:01.104Z", "parent_job": null, "owner": null, "created_at": "2025-10-14T08:58:38.657Z", "updated_at": "2025-10-14T08:58:38.657Z"}}, {"model": "jobs.job", "pk": 54, "fields": {"type": "GRADE_ITEM", "status": "succeeded", "payload": {"submission_item_id": 50}, "result": 51, "error": null, "retries": 0, "max_retries": 3, "scheduled_at": null, "started_at": "2025-10-14T08:58:57.936Z", "finished_at": "2025-10-14T08:59:05.558Z", "parent_job": null, "owner": null, "created_at": "2025-10-14T08:58:38.658Z", "updated_at": "2025-10-14T08:58:38.658Z"}}, {"model": "jobs.job", "pk": 55, "fields": {"type": "GRADE_ITEM", "status": "succeeded", "payload": {"submission_item_id": 48}, "result": 53, "error": null, "retries": 0, "max_retries": 3, "scheduled_at": null, "started_at": "2025-10-14T08:59:25.346Z", "finished_at": "2025-10-14T08:59:37.854Z", "parent_job": null, "owner": null, "created_at": "2025-10-14T08:59:25.259Z", "updated_at": "2025-10-14T08:59:25.259Z"}}, {"model": "jobs.job", "pk": 56, "fields": {"type": "GRADE_ITEM", "status": "succeeded", "payload": {"submission_item_id": 49}, "result": 52, "error": null, "retries": 0, "max_retries": 3, "scheduled_at": null, "started_at": "2025-10-14T08:59:25.756Z", "finished_at": "2025-10-14T08:59:34.665Z", "parent_job": null, "owner": null, "created_at": "2025-10-14T08:59:25.262Z", "updated_at": "2025-10-14T08:59:25.262Z"}}, {"model": "jobs.job", "pk": 57, "fields": {"type": "GRADE_ITEM", "status": "succeeded", "payload": {"submission_item_id": 50}, "result": 51, "error": null, "retries": 0, "max_retries": 3, "scheduled_at": null, "started_at": "2025-10-14T08:59:26.196Z", "finished_at": "2025-10-14T08:59:33.863Z", "parent_job": null, "owner": null, "created_at": "2025-10-14T08:59:25.264Z", "updated_at": "2025-10-14T08:59:25.264Z"}}, {"model": "jobs.job", "pk": 58, "fields": {"type": "GRADE_ITEM", "status": "succeeded", "payload": {"submission_item_id": 51}, "result": 56, "error": null, "retries": 0, "max_retries": 3, "scheduled_at": null, "started_at": "2025-10-14T08:59:58.887Z", "finished_at": "2025-10-14T09:00:18.678Z", "parent_job": null, "owner": null, "created_at": "2025-10-14T08:59:58.180Z", "updated_at": "2025-10-14T08:59:58.180Z"}}, {"model": "jobs.job", "pk": 59, "fields": {"type": "GRADE_ITEM", "status": "succeeded", "payload": {"submission_item_id": 52}, "result": 54, "error": null, "retries": 0, "max_retries": 3, "scheduled_at": null, "started_at": "2025-10-14T08:59:59.081Z", "finished_at": "2025-10-14T09:00:10.097Z", "parent_job": null, "owner": null, "created_at": "2025-10-14T08:59:58.182Z", "updated_at": "2025-10-14T08:59:58.182Z"}}, {"model": "jobs.job", "pk": 60, "fields": {"type": "GRADE_ITEM", "status": "succeeded", "payload": {"submission_item_id": 53}, "result": 55, "error": null, "retries": 0, "max_retries": 3, "scheduled_at": null, "started_at": "2025-10-14T08:59:59.112Z", "finished_at": "2025-10-14T09:00:17.658Z", "parent_job": null, "owner": null, "created_at": "2025-10-14T08:59:58.184Z", "updated_at": "2025-10-14T08:59:58.184Z"}}, {"model": "jobs.job", "pk": 61, "fields": {"type": "GRADE_ITEM", "status": "succeeded", "payload": {"submission_item_id": 54}, "result": 59, "error": null, "retries": 0, "max_retries": 3, "scheduled_at": null, "started_at": "2025-10-14T09:44:33.946Z", "finished_at": "2025-10-14T09:44:58.776Z", "parent_job": null, "owner": null, "created_at": "2025-10-14T09:44:33.631Z", "updated_at": "2025-10-14T09:44:33.631Z"}}, {"model": "jobs.job", "pk": 62, "fields": {"type": "GRADE_ITEM", "status": "succeeded", "payload": {"submission_item_id": 55}, "result": 57, "error": "database is locked", "retries": 1, "max_retries": 3, "scheduled_at": null, "started_at": "2025-10-14T09:44:33.975Z", "finished_at": "2025-10-14T09:44:43.312Z", "parent_job": null, "owner": null, "created_at": "2025-10-14T09:44:33.634Z", "updated_at": "2025-10-14T09:44:33.634Z"}}, {"model": "jobs.job", "pk": 63, "fields": {"type": "GRADE_ITEM", "status": "succeeded", "payload": {"submission_item_id": 56}, "result": 58, "error": null, "retries": 0, "max_retries": 3, "scheduled_at": null, "started_at": "2025-10-14T09:44:34.089Z", "finished_at": "2025-10-14T09:44:52.077Z", "parent_job": null, "owner": null, "created_at": "2025-10-14T09:44:33.636Z", "updated_at": "2025-10-14T09:44:33.636Z"}}, {"model": "jobs.job", "pk": 64, "fields": {"type": "GRADE_ITEM", "status": "succeeded", "payload": {"submission_item_id": 57}, "result": 62, "error": null, "retries": 0, "max_retries": 3, "scheduled_at": null, "started_at": "2025-10-14T09:49:01.565Z", "finished_at": "2025-10-14T09:49:31.973Z", "parent_job": null, "owner": null, "created_at": "2025-10-14T09:49:01.336Z", "updated_at": "2025-10-14T09:49:01.336Z"}}, {"model": "jobs.job", "pk": 65, "fields": {"type": "GRADE_ITEM", "status": "succeeded", "payload": {"submission_item_id": 58}, "result": 60, "error": null, "retries": 0, "max_retries": 3, "scheduled_at": null, "started_at": "2025-10-14T09:49:01.851Z", "finished_at": "2025-10-14T09:49:17.848Z", "parent_job": null, "owner": null, "created_at": "2025-10-14T09:49:01.341Z", "updated_at": "2025-10-14T09:49:01.341Z"}}, {"model": "jobs.job", "pk": 66, "fields": {"type": "GRADE_ITEM", "status": "succeeded", "payload": {"submission_item_id": 59}, "result": 61, "error": null, "retries": 0, "max_retries": 3, "scheduled_at": null, "started_at": "2025-10-14T09:49:02.256Z", "finished_at": "2025-10-14T09:49:18.809Z", "parent_job": null, "owner": null, "created_at": "2025-10-14T09:49:01.345Z", "updated_at": "2025-10-14T09:49:01.345Z"}}, {"model": "jobs.job", "pk": 67, "fields": {"type": "GRADE_ITEM", "status": "succeeded", "payload": {"submission_item_id": 60}, "result": 65, "error": null, "retries": 0, "max_retries": 3, "scheduled_at": null, "started_at": "2025-10-14T09:59:49.508Z", "finished_at": "2025-10-14T10:00:31.384Z", "parent_job": null, "owner": null, "created_at": "2025-10-14T09:59:49.018Z", "updated_at": "2025-10-14T09:59:49.018Z"}}, {"model": "jobs.job", "pk": 68, "fields": {"type": "GRADE_ITEM", "status": "succeeded", "payload": {"submission_item_id": 61}, "result": 63, "error": null, "retries": 0, "max_retries": 3, "scheduled_at": null, "started_at": "2025-10-14T09:59:49.530Z", "finished_at": "2025-10-14T10:00:01.318Z", "parent_job": null, "owner": null, "created_at": "2025-10-14T09:59:49.021Z", "updated_at": "2025-10-14T09:59:49.021Z"}}, {"model": "jobs.job", "pk": 69, "fields": {"type": "GRADE_ITEM", "status": "succeeded", "payload": {"submission_item_id": 62}, "result": 64, "error": null, "retries": 0, "max_retries": 3, "scheduled_at": null, "started_at": "2025-10-14T09:59:49.546Z", "finished_at": "2025-10-14T10:00:11.174Z", "parent_job": null, "owner": null, "created_at": "2025-10-14T09:59:49.025Z", "updated_at": "2025-10-14T09:59:49.025Z"}}, {"model": "jobs.job", "pk": 70, "fields": {"type": "GRADE_ITEM", "status": "succeeded", "payload": {"submission_item_id": 63}, "result": 66, "error": null, "retries": 0, "max_retries": 3, "scheduled_at": null, "started_at": "2025-10-14T10:09:46.388Z", "finished_at": "2025-10-14T10:10:06.203Z", "parent_job": null, "owner": null, "created_at": "2025-10-14T10:09:46.310Z", "updated_at": "2025-10-14T10:09:46.310Z"}}, {"model": "jobs.job", "pk": 71, "fields": {"type": "GRADE_ITEM", "status": "succeeded", "payload": {"submission_item_id": 64}, "result": 67, "error": null, "retries": 0, "max_retries": 3, "scheduled_at": null, "started_at": "2025-10-14T10:22:31.310Z", "finished_at": "2025-10-14T10:23:12.901Z", "parent_job": null, "owner": null, "created_at": "2025-10-14T10:22:30.867Z", "updated_at": "2025-10-14T10:22:30.867Z"}}, {"model": "jobs.job", "pk": 72, "fields": {"type": "GRADE_ITEM", "status": "succeeded", "payload": {"submission_item_id": 64}, "result": 67, "error": "database is locked", "retries": 2, "max_retries": 3, "scheduled_at": null, "started_at": "2025-10-14T10:27:33.631Z", "finished_at": "2025-10-14T10:28:14.247Z", "parent_job": null, "owner": null, "created_at": "2025-10-14T10:27:32.643Z", "updated_at": "2025-10-14T10:27:32.643Z"}}, {"model": "jobs.job", "pk": 73, "fields": {"type": "GRADE_ITEM", "status": "succeeded", "payload": {"submission_item_id": 66}, "result": 68, "error": null, "retries": 0, "max_retries": 3, "scheduled_at": null, "started_at": "2025-10-14T10:34:36.249Z", "finished_at": "2025-10-14T10:35:02.925Z", "parent_job": null, "owner": null, "created_at": "2025-10-14T10:34:35.814Z", "updated_at": "2025-10-14T10:34:35.814Z"}}, {"model": "jobs.job", "pk": 74, "fields": {"type": "GRADE_ITEM", "status": "succeeded", "payload": {"submission_item_id": 67}, "result": 69, "error": null, "retries": 0, "max_retries": 3, "scheduled_at": null, "started_at": "2025-10-14T10:42:50.465Z", "finished_at": "2025-10-14T10:43:13.975Z", "parent_job": null, "owner": null, "created_at": "2025-10-14T10:42:50.366Z", "updated_at": "2025-10-14T10:42:50.366Z"}}, {"model": "jobs.job", "pk": 75, "fields": {"type": "GRADE_ITEM", "status": "succeeded", "payload": {"submission_item_id": 68}, "result": 70, "error": null, "retries": 0, "max_retries": 3, "scheduled_at": null, "started_at": "2025-10-14T11:02:19.849Z", "finished_at": "2025-10-14T11:02:19.860Z", "parent_job": null, "owner": null, "created_at": "2025-10-14T11:02:19.530Z", "updated_at": "2025-10-14T11:02:19.530Z"}}, {"model": "jobs.job", "pk": 76, "fields": {"type": "GRADE_ITEM", "status": "succeeded", "payload": {"submission_item_id": 68}, "result": 70, "error": null, "retries": 0, "max_retries": 3, "scheduled_at": null, "started_at": "2025-10-14T11:29:16.276Z", "finished_at": "2025-10-14T11:29:16.288Z", "parent_job": null, "owner": null, "created_at": "2025-10-14T11:29:16.004Z", "updated_at": "2025-10-14T11:29:16.004Z"}}, {"model": "jobs.job", "pk": 77, "fields": {"type": "GRADE_ITEM", "status": "succeeded", "payload": {"submission_item_id": 69}, "result": 71, "error": null, "retries": 0, "max_retries": 3, "scheduled_at": null, "started_at": "2025-10-14T11:31:58.836Z", "finished_at": "2025-10-14T11:31:58.848Z", "parent_job": null, "owner": null, "created_at": "2025-10-14T11:31:58.583Z", "updated_at": "2025-10-14T11:31:58.583Z"}}, {"model": "jobs.job", "pk": 78, "fields": {"type": "GRADE_ITEM", "status": "succeeded", "payload": {"submission_item_id": 69}, "result": 71, "error": "database is locked", "retries": 1, "max_retries": 3, "scheduled_at": null, "started_at": "2025-10-14T11:35:43.426Z", "finished_at": "2025-10-14T11:35:43.467Z", "parent_job": null, "owner": null, "created_at": "2025-10-14T11:35:42.562Z", "updated_at": "2025-10-14T11:35:42.562Z"}}, {"model": "jobs.job", "pk": 79, "fields": {"type": "GRADE_ITEM", "status": "failed", "payload": {"submission_item_id": 69}, "result": null, "error": "FOREIGN KEY constraint failed", "retries": 3, "max_retries": 3, "scheduled_at": null, "started_at": "2025-10-14T11:44:51.927Z", "finished_at": "2025-10-14T11:45:15.058Z", "parent_job": null, "owner": null, "created_at": "2025-10-14T11:44:51.140Z", "updated_at": "2025-10-14T11:44:51.140Z"}}, {"model": "jobs.job", "pk": 80, "fields": {"type": "GRADE_ITEM", "status": "succeeded", "payload": {"submission_item_id": 70}, "result": 72, "error": null, "retries": 0, "max_retries": 3, "scheduled_at": null, "started_at": "2025-10-14T11:45:21.208Z", "finished_at": "2025-10-14T11:45:59.788Z", "parent_job": null, "owner": null, "created_at": "2025-10-14T11:45:20.987Z", "updated_at": "2025-10-14T11:45:20.987Z"}}, {"model": "jobs.job", "pk": 81, "fields": {"type": "GRADE_ITEM", "status": "succeeded", "payload": {"submission_item_id": 71}, "result": 73, "error": null, "retries": 0, "max_retries": 3, "scheduled_at": null, "started_at": "2025-10-14T12:23:02.516Z", "finished_at": "2025-10-14T12:23:13.931Z", "parent_job": null, "owner": null, "created_at": "2025-10-14T12:23:02.123Z", "updated_at": "2025-10-14T12:23:02.123Z"}}, {"model": "jobs.job", "pk": 82, "fields": {"type": "GRADE_ITEM", "status": "succeeded", "payload": {"submission_item_id": 48}, "result": 53, "error": null, "retries": 0, "max_retries": 3, "scheduled_at": null, "started_at": "2025-10-14T12:52:21.366Z", "finished_at": "2025-10-14T12:52:36.342Z", "parent_job": null, "owner": null, "created_at": "2025-10-14T12:52:21.268Z", "updated_at": "2025-10-14T12:52:21.268Z"}}, {"model": "jobs.job", "pk": 83, "fields": {"type": "GRADE_ITEM", "status": "succeeded", "payload": {"submission_item_id": 49}, "result": 52, "error": null, "retries": 0, "max_retries": 3, "scheduled_at": null, "started_at": "2025-10-14T12:52:21.449Z", "finished_at": "2025-10-14T12:52:34.682Z", "parent_job": null, "owner": null, "created_at": "2025-10-14T12:52:21.271Z", "updated_at": "2025-10-14T12:52:21.271Z"}}, {"model": "jobs.job", "pk": 84, "fields": {"type": "GRADE_ITEM", "status": "succeeded", "payload": {"submission_item_id": 50}, "result": 51, "error": null, "retries": 0, "max_retries": 3, "scheduled_at": null, "started_at": "2025-10-14T12:52:21.518Z", "finished_at": "2025-10-14T12:52:34.102Z", "parent_job": null, "owner": null, "created_at": "2025-10-14T12:52:21.273Z", "updated_at": "2025-10-14T12:52:21.273Z"}}, {"model": "jobs.job", "pk": 85, "fields": {"type": "UPSCALE_SUBMISSION", "status": "succeeded", "payload": {"submission_id": 17, "image_paths": ["/Users/admin/học/teacher-assistant-v2/new/backend/media/submissions/submission_17/sub17_3bd7ce09d8c249b0ab604759a300e3e0_p001.jpg", "/Users/admin/học/teacher-assistant-v2/new/backend/media/submissions/submission_17/sub17_3bd7ce09d8c249b0ab604759a300e3e0_p002.jpg"]}, "result": {"upscaled_paths": ["/Users/admin/học/teacher-assistant-v2/new/backend/media/submissions/submission_17/upscaled/sub17_3bd7ce09d8c249b0ab604759a300e3e0_p001_x2.jpg", "/Users/admin/học/teacher-assistant-v2/new/backend/media/submissions/submission_17/upscaled/sub17_3bd7ce09d8c249b0ab604759a300e3e0_p002_x2.jpg"]}, "error": null, "retries": 0, "max_retries": 3, "scheduled_at": null, "started_at": "2025-10-14T16:08:18.267Z", "finished_at": "2025-10-14T16:08:18.758Z", "parent_job": null, "owner": null, "created_at": "2025-10-14T16:08:17.847Z", "updated_at": "2025-10-14T16:08:17.847Z"}}, {"model": "jobs.job", "pk": 86, "fields": {"type": "GRADE_ITEM", "status": "succeeded", "payload": {"submission_item_id": 70}, "result": 72, "error": "database is locked", "retries": 1, "max_retries": 3, "scheduled_at": null, "started_at": "2025-10-14T16:15:15.583Z", "finished_at": "2025-10-14T16:15:43.677Z", "parent_job": null, "owner": null, "created_at": "2025-10-14T16:15:15.061Z", "updated_at": "2025-10-14T16:15:15.061Z"}}, {"model": "jobs.job", "pk": 87, "fields": {"type": "GRADE_ITEM", "status": "succeeded", "payload": {"submission_item_id": 71}, "result": 73, "error": null, "retries": 0, "max_retries": 3, "scheduled_at": null, "started_at": "2025-10-14T16:15:15.614Z", "finished_at": "2025-10-14T16:15:31.996Z", "parent_job": null, "owner": null, "created_at": "2025-10-14T16:15:15.064Z", "updated_at": "2025-10-14T16:15:15.064Z"}}, {"model": "jobs.job", "pk": 88, "fields": {"type": "GRADE_ITEM", "status": "succeeded", "payload": {"submission_item_id": 72}, "result": 74, "error": null, "retries": 0, "max_retries": 3, "scheduled_at": null, "started_at": "2025-10-14T16:15:15.696Z", "finished_at": "2025-10-14T16:15:26.757Z", "parent_job": null, "owner": null, "created_at": "2025-10-14T16:15:15.065Z", "updated_at": "2025-10-14T16:15:15.065Z"}}, {"model": "jobs.job", "pk": 89, "fields": {"type": "GRADE_ITEM", "status": "succeeded", "payload": {"submission_item_id": 74}, "result": 75, "error": null, "retries": 0, "max_retries": 3, "scheduled_at": null, "started_at": "2025-10-14T16:20:35.899Z", "finished_at": "2025-10-14T16:20:50.540Z", "parent_job": null, "owner": null, "created_at": "2025-10-14T16:20:35.797Z", "updated_at": "2025-10-14T16:20:35.797Z"}}, {"model": "jobs.job", "pk": 90, "fields": {"type": "GRADE_ITEM", "status": "succeeded", "payload": {"submission_item_id": 75}, "result": 76, "error": null, "retries": 0, "max_retries": 3, "scheduled_at": null, "started_at": "2025-10-14T16:20:35.915Z", "finished_at": "2025-10-14T16:20:54.716Z", "parent_job": null, "owner": null, "created_at": "2025-10-14T16:20:35.801Z", "updated_at": "2025-10-14T16:20:35.801Z"}}, {"model": "jobs.job", "pk": 91, "fields": {"type": "GRADE_ITEM", "status": "succeeded", "payload": {"submission_item_id": 76}, "result": 77, "error": null, "retries": 0, "max_retries": 3, "scheduled_at": null, "started_at": "2025-10-14T16:25:33.339Z", "finished_at": "2025-10-14T16:25:53.462Z", "parent_job": null, "owner": null, "created_at": "2025-10-14T16:25:33.191Z", "updated_at": "2025-10-14T16:25:33.191Z"}}, {"model": "jobs.job", "pk": 92, "fields": {"type": "GRADE_ITEM", "status": "succeeded", "payload": {"submission_item_id": 71}, "result": 73, "error": "database is locked", "retries": 1, "max_retries": 3, "scheduled_at": null, "started_at": "2025-10-14T16:25:56.600Z", "finished_at": "2025-10-14T16:26:08.030Z", "parent_job": null, "owner": null, "created_at": "2025-10-14T16:25:55.883Z", "updated_at": "2025-10-14T16:25:55.883Z"}}, {"model": "jobs.job", "pk": 93, "fields": {"type": "GRADE_ITEM", "status": "succeeded", "payload": {"submission_item_id": 72}, "result": 74, "error": null, "retries": 0, "max_retries": 3, "scheduled_at": null, "started_at": "2025-10-14T16:25:58.731Z", "finished_at": "2025-10-14T16:26:05.893Z", "parent_job": null, "owner": null, "created_at": "2025-10-14T16:25:57.775Z", "updated_at": "2025-10-14T16:25:57.775Z"}}, {"model": "jobs.job", "pk": 94, "fields": {"type": "UPSCALE_SUBMISSION", "status": "succeeded", "payload": {"submission_id": 18, "image_paths": ["/Users/admin/học/teacher-assistant-v2/new/backend/media/submissions/submission_18/sub18_d646e19e392746fd8dbb0e13a8b8ec05.jpg", "/Users/admin/học/teacher-assistant-v2/new/backend/media/submissions/submission_18/sub18_449fb2f9e4ab4fcd9d0a0c99a706b699.jpg", "/Users/admin/học/teacher-assistant-v2/new/backend/media/submissions/submission_18/sub18_6af41ce662db4288881eb0318cad9986.jpg"]}, "result": {"upscaled_paths": ["/Users/admin/học/teacher-assistant-v2/new/backend/media/submissions/submission_18/upscaled/sub18_d646e19e392746fd8dbb0e13a8b8ec05_x2.jpg", "/Users/admin/học/teacher-assistant-v2/new/backend/media/submissions/submission_18/upscaled/sub18_449fb2f9e4ab4fcd9d0a0c99a706b699_x2.jpg", "/Users/admin/học/teacher-assistant-v2/new/backend/media/submissions/submission_18/upscaled/sub18_6af41ce662db4288881eb0318cad9986_x2.jpg"]}, "error": null, "retries": 0, "max_retries": 3, "scheduled_at": null, "started_at": "2025-10-14T17:35:37.070Z", "finished_at": "2025-10-14T17:35:37.316Z", "parent_job": null, "owner": null, "created_at": "2025-10-14T17:35:36.986Z", "updated_at": "2025-10-14T17:35:36.986Z"}}, {"model": "jobs.job", "pk": 95, "fields": {"type": "GRADE_ITEM", "status": "succeeded", "payload": {"submission_item_id": 77}, "result": 78, "error": null, "retries": 0, "max_retries": 3, "scheduled_at": null, "started_at": "2025-10-14T17:37:06.030Z", "finished_at": "2025-10-14T17:37:17.205Z", "parent_job": null, "owner": null, "created_at": "2025-10-14T17:37:05.954Z", "updated_at": "2025-10-14T17:37:05.954Z"}}, {"model": "jobs.job", "pk": 96, "fields": {"type": "GRADE_ITEM", "status": "succeeded", "payload": {"submission_item_id": 78}, "result": 79, "error": null, "retries": 0, "max_retries": 3, "scheduled_at": null, "started_at": "2025-10-14T17:37:06.861Z", "finished_at": "2025-10-14T17:37:17.663Z", "parent_job": null, "owner": null, "created_at": "2025-10-14T17:37:06.474Z", "updated_at": "2025-10-14T17:37:06.474Z"}}, {"model": "jobs.job", "pk": 97, "fields": {"type": "GRADE_ITEM", "status": "succeeded", "payload": {"submission_item_id": 80}, "result": 80, "error": null, "retries": 0, "max_retries": 3, "scheduled_at": null, "started_at": "2025-10-14T17:37:08.169Z", "finished_at": "2025-10-14T17:37:18.593Z", "parent_job": null, "owner": null, "created_at": "2025-10-14T17:37:07.165Z", "updated_at": "2025-10-14T17:37:07.165Z"}}, {"model": "jobs.job", "pk": 98, "fields": {"type": "GRADE_ITEM", "status": "succeeded", "payload": {"submission_item_id": 81}, "result": 81, "error": null, "retries": 0, "max_retries": 3, "scheduled_at": null, "started_at": "2025-10-14T17:37:17.317Z", "finished_at": "2025-10-14T17:37:29.083Z", "parent_job": null, "owner": null, "created_at": "2025-10-14T17:37:07.716Z", "updated_at": "2025-10-14T17:37:07.716Z"}}, {"model": "jobs.job", "pk": 99, "fields": {"type": "GRADE_ITEM", "status": "succeeded", "payload": {"submission_item_id": 82}, "result": 82, "error": null, "retries": 0, "max_retries": 3, "scheduled_at": null, "started_at": "2025-10-14T17:37:17.770Z", "finished_at": "2025-10-14T17:37:35.059Z", "parent_job": null, "owner": null, "created_at": "2025-10-14T17:37:08.246Z", "updated_at": "2025-10-14T17:37:08.246Z"}}, {"model": "jobs.job", "pk": 100, "fields": {"type": "GRADE_ITEM", "status": "succeeded", "payload": {"submission_item_id": 83}, "result": 83, "error": null, "retries": 0, "max_retries": 3, "scheduled_at": null, "started_at": "2025-10-14T17:37:20.723Z", "finished_at": "2025-10-14T17:37:58.802Z", "parent_job": null, "owner": null, "created_at": "2025-10-14T17:37:20.688Z", "updated_at": "2025-10-14T17:37:20.688Z"}}, {"model": "jobs.job", "pk": 101, "fields": {"type": "GRADE_ITEM", "status": "succeeded", "payload": {"submission_item_id": 80}, "result": 80, "error": null, "retries": 0, "max_retries": 3, "scheduled_at": null, "started_at": "2025-10-14T17:37:29.191Z", "finished_at": "2025-10-14T17:37:38.902Z", "parent_job": null, "owner": null, "created_at": "2025-10-14T17:37:23.779Z", "updated_at": "2025-10-14T17:37:23.779Z"}}, {"model": "jobs.job", "pk": 102, "fields": {"type": "GRADE_ITEM", "status": "succeeded", "payload": {"submission_item_id": 48}, "result": 53, "error": null, "retries": 0, "max_retries": 3, "scheduled_at": null, "started_at": "2025-10-15T07:28:19.020Z", "finished_at": "2025-10-15T07:28:32.327Z", "parent_job": null, "owner": null, "created_at": "2025-10-15T07:28:18.639Z", "updated_at": "2025-10-15T07:28:18.639Z"}}, {"model": "jobs.job", "pk": 103, "fields": {"type": "GRADE_ITEM", "status": "succeeded", "payload": {"submission_item_id": 49}, "result": 52, "error": null, "retries": 0, "max_retries": 3, "scheduled_at": null, "started_at": "2025-10-15T07:28:20.041Z", "finished_at": "2025-10-15T07:28:35.139Z", "parent_job": null, "owner": null, "created_at": "2025-10-15T07:28:19.432Z", "updated_at": "2025-10-15T07:28:19.433Z"}}, {"model": "jobs.job", "pk": 104, "fields": {"type": "GRADE_ITEM", "status": "succeeded", "payload": {"submission_item_id": 50}, "result": 51, "error": null, "retries": 0, "max_retries": 3, "scheduled_at": null, "started_at": "2025-10-15T07:28:20.163Z", "finished_at": "2025-10-15T07:28:30.280Z", "parent_job": null, "owner": null, "created_at": "2025-10-15T07:28:20.128Z", "updated_at": "2025-10-15T07:28:20.128Z"}}]